{"test_group_0_loss":0.902535617351532,"test_group_1_loss":0.9002659320831299,"_timestamp":1.7616321336743326e+09,"train_group_1_loss":0.9007015824317932,"train_group_0_loss":0.9024184942245483,"_wandb":{"runtime":97},"epoch":1,"test_worst_acc":0,"train_group_2_acc":0,"train_group_0_acc":1,"train_worst_acc":0,"train_group_3_loss":1.1047685146331787,"test_group_3_acc":0,"_step":0,"test_worst_loss":1.1048017740249634,"test_avg_acc":0.778391420841217,"train_group_1_acc":1,"_runtime":97,"test_group_2_loss":1.1016768217086792,"test_avg_loss":0.9461299777030945,"train_group_2_loss":1.1018654108047485,"test_group_2_acc":0,"train_worst_loss":1.1047685146331787,"test_group_3_loss":1.1048017740249634,"train_group_3_acc":0,"train_avg_acc":0.7678832411766052,"test_group_0_acc":1,"test_group_1_acc":1,"train_avg_loss":0.9492875933647156}