{"train_group_0_loss":0.7748469710350037,"train_group_3_acc":0,"analysis/grad_gram_train/G(-1,1)_vs_G(-1,1)":0.24897754192352295,"train_worst_loss":1.260468602180481,"train_group_3_loss":1.260468602180481,"test_group_3_acc":0,"train_worst_acc":0,"test_group_1_loss":0.7699897885322571,"analysis/grad_gram_train/G(-1,1)_vs_G(1,-1)":-0.2606201767921448,"analysis/grad_gram_train/G(-1,-1)_vs_G(-1,1)":0.23629224300384521,"test_worst_acc":0,"train_group_2_acc":0,"test_group_0_loss":0.7749022841453552,"train_avg_loss":0.8873228430747986,"analysis/grad_gram_train/G(1,-1)_vs_G(1,-1)":0.2832113802433014,"test_group_1_acc":1,"_runtime":120,"test_group_0_acc":1,"test_group_3_loss":1.2608160972595215,"test_avg_loss":0.879798948764801,"train_group_0_acc":1,"train_avg_acc":0.7678832411766052,"analysis/grad_gram_train/G(1,-1)_vs_G(1,1)":0.2943945527076721,"epoch":2,"_timestamp":1.761632613571216e+09,"test_group_2_loss":1.2529277801513672,"_step":2,"analysis/grad_gram_train/G(-1,1)_vs_G(1,1)":-0.28054600954055786,"test_group_2_acc":0,"test_avg_acc":0.778391420841217,"analysis/grad_gram_train/G(-1,-1)_vs_G(1,-1)":-0.25473034381866455,"analysis/grad_gram_train/G(1,1)_vs_G(1,1)":0.3172348141670227,"test_worst_loss":1.2608160972595215,"train_group_1_loss":0.7721421718597412,"analysis/grad_gram_train/G(-1,-1)_vs_G(-1,-1)":0.23129060864448547,"train_group_1_acc":1,"train_group_2_loss":1.248369574546814,"_wandb":{"runtime":120},"analysis/grad_gram_train/G(-1,-1)_vs_G(1,1)":-0.2669978141784668}