{"gradients/layers.0.weight":{"values":[4,4,8,14,16,34,51,77,106,142,183,282,317,479,577,854,1132,1566,2211,3041,4069,5639,7417,9877,13001,17143,23252,33136,52332,102082,230468,775629,7.739855e+06,357811,117835,53755,26888,15809,10196,7035,5242,3916,2884,2153,1514,1117,805,586,382,254,185,143,88,67,37,27,25,16,9,6,2,3,2,2],"bins":[-3.80251876777038e-05,-3.6847068258794025e-05,-3.566895247786306e-05,-3.4490833058953285e-05,-3.331271727802232e-05,-3.2134597859112546e-05,-3.095648207818158e-05,-2.977836447826121e-05,-2.860024687834084e-05,-2.7422127459431067e-05,-2.6244009859510697e-05,-2.5065892259590328e-05,-2.3887774659669958e-05,-2.270965705974959e-05,-2.153153945982922e-05,-2.035342185990885e-05,-1.917530425998848e-05,-1.799718666006811e-05,-1.681906906014774e-05,-1.564095146022737e-05,-1.4462833860307e-05,-1.3284715350891929e-05,-1.210659775097156e-05,-1.092848015105119e-05,-9.75036255113082e-06,-8.57224495121045e-06,-7.394127351290081e-06,-6.21600929662236e-06,-5.0378916967019904e-06,-3.859774096781621e-06,-2.6816562694875756e-06,-1.5035385558803682e-06,-3.254208422731608e-07,8.526968713340466e-07,2.030814584941254e-06,3.208932412235299e-06,4.387050012155669e-06,5.5651676120760385e-06,6.743285666743759e-06,7.921403266664129e-06,9.099520866584498e-06,1.0277638466504868e-05,1.1455756066425238e-05,1.2633873666345607e-05,1.3811992175760679e-05,1.4990109775681049e-05,1.616822737560142e-05,1.7346344975521788e-05,1.8524462575442158e-05,1.9702580175362527e-05,2.0880697775282897e-05,2.2058815375203267e-05,2.3236932975123636e-05,2.4415050575044006e-05,2.5593168174964376e-05,2.6771285774884745e-05,2.794940519379452e-05,2.912752279371489e-05,3.0305640393635258e-05,3.1483756174566224e-05,3.2661875593476e-05,3.3839991374406964e-05,3.501811079331674e-05,3.61962265742477e-05,3.7374345993157476e-05],"_type":"histogram"},"analysis/prop1_terms_train/g1_(1, -1)_g2_(1, 1)_term1":-0.21143046021461487,"analysis/grad_basis_train/norm_AY":0.3333704471588135,"parameters/classifier.weight":{"_type":"histogram","values":[1,0,0,1,2,2,2,2,3,3,8,7,8,16,16,20,13,14,35,39,50,55,83,85,113,130,158,179,224,247,264,274,229,267,235,199,193,155,131,126,106,81,65,45,47,37,20,23,24,13,5,11,8,5,3,4,0,3,1,0,2,1,1,2],"bins":[-9.006186485290527,-8.728708267211914,-8.451231002807617,-8.173752784729004,-7.896274566650391,-7.618796348571777,-7.341318607330322,-7.063840866088867,-6.786362648010254,-6.508884429931641,-6.2314066886901855,-5.9539289474487305,-5.676450729370117,-5.398972511291504,-5.121494770050049,-4.844017028808594,-4.5665388107299805,-4.289060592651367,-4.011582851409912,-3.734104871749878,-3.4566268920898438,-3.1791489124298096,-2.9016709327697754,-2.624192953109741,-2.346714973449707,-2.069236993789673,-1.7917590141296387,-1.5142810344696045,-1.2368030548095703,-0.9593250751495361,-0.681847095489502,-0.4043691158294678,-0.12689208984375,0.15058588981628418,0.42806386947631836,0.7055418491363525,0.9830198287963867,1.260497808456421,1.537975788116455,1.8154537677764893,2.0929317474365234,2.3704097270965576,2.647887706756592,2.925365686416626,3.20284366607666,3.4803216457366943,3.7577996253967285,4.035277366638184,4.312755584716797,4.59023380279541,4.867711544036865,5.14518928527832,5.422667503356934,5.700145721435547,5.977623462677002,6.255101203918457,6.53257942199707,6.810057640075684,7.087535381317139,7.365013122558594,7.642491340637207,7.91996955871582,8.197446823120117,8.47492504119873,8.752403259277344]},"analysis/prop1_terms_train/g1_(1, -1)_g2_(1, 1)_term3":0.2047666311264038,"_runtime":715,"test_group_1_loss":2.2983360290527344,"train_group_3_loss":0.06895066797733307,"analysis/grad_basis_train/cosine_A_AY":0.10725422203540802,"test_group_3_acc":1,"analysis/prop1_terms_train/g1_(-1, 1)_g2_(-1, -1)_term2":-0.003768643829971552,"test_group_2_loss":2.4010956287384033,"test_group_2_acc":0.0008227067301049829,"analysis/grad_basis_train/cosine_inv_AY":-0.9987872838973999,"test_worst_loss":2.4010956287384033,"train_avg_loss":0.28890442848205566,"analysis/grad_basis_train/cosine_C_A":-0.9997206330299377,"test_worst_acc":0.0008227067301049829,"test_group_0_acc":1,"analysis/prop1_terms_train/g1_(-1, 1)_g2_(-1, -1)_term3":0.1509140133857727,"train_avg_acc":0.9007599949836731,"analysis/prop1_terms_train/g1_(1, -1)_g2_(1, 1)_term2":0.0044712405651807785,"test_group_0_loss":0.07613292336463928,"train_group_0_acc":1,"analysis/grad_basis_train/norm_C":0.5799940824508667,"train_group_3_acc":1,"analysis/grad_basis_train/cosine_inv_C":0.11672575771808624,"_step":403,"train_group_0_loss":0.06348902732133865,"_timestamp":1.7616347070274317e+09,"train_group_2_acc":0.0008190008229576051,"test_group_3_loss":0.07719393074512482,"analysis/grad_basis_train/cosine_C_AY":-0.10203871130943298,"train_group_1_acc":0.010592388920485973,"train_group_1_loss":2.203608989715576,"test_avg_loss":1.2124732732772827,"gradients/classifier.weight":{"values":[3,0,0,0,1,0,1,1,1,0,2,1,0,1,3,1,0,2,2,2,1,3,3,6,4,4,7,7,10,8,9,16,10,13,24,16,13,16,26,21,28,31,36,35,36,45,48,53,61,71,62,76,99,123,148,185,187,248,319,338,406,419,458,346],"bins":[-0.00034560743370093405,-0.0003402097208891064,-0.0003348119789734483,-0.0003294142661616206,-0.00032401655334979296,-0.00031861881143413484,-0.0003132210986223072,-0.0003078233858104795,-0.0003024256438948214,-0.00029702793108299375,-0.0002916302182711661,-0.0002862325054593384,-0.0002808347635436803,-0.00027543705073185265,-0.000270039337920025,-0.0002646415960043669,-0.0002592438831925392,-0.00025384617038071156,-0.00024844842846505344,-0.00024305071565322578,-0.00023765300284139812,-0.00023225527547765523,-0.00022685754811391234,-0.00022145983530208468,-0.0002160621079383418,-0.0002106643805745989,-0.00020526666776277125,-0.00019986894039902836,-0.00019447121303528547,-0.0001890735002234578,-0.00018367577285971493,-0.00017827806004788727,-0.00017288031813222915,-0.00016748259076848626,-0.0001620848779566586,-0.00015668715059291571,-0.00015128943778108805,-0.00014589171041734517,-0.00014049398305360228,-0.00013509627024177462,-0.00012969854287803173,-0.00012430081551428884,-0.00011890310270246118,-0.0001135053753387183,-0.00010810765525093302,-0.00010270993516314775,-9.731221507536247e-05,-9.191448771161959e-05,-8.651676762383431e-05,-8.111904753604904e-05,-7.572132744826376e-05,-7.032360008452088e-05,-6.49258799967356e-05,-5.952815990895033e-05,-5.413043618318625e-05,-4.8732716095400974e-05,-4.333499236963689e-05,-3.793727228185162e-05,-3.253954855608754e-05,-2.7141828468302265e-05,-2.1744106561527587e-05,-1.634638465475291e-05,-1.0948662747978233e-05,-5.5509408412035555e-06,-1.532188065311857e-07],"_type":"histogram"},"test_avg_acc":0.5008000135421753,"_wandb":{"runtime":715},"analysis/grad_basis_train/cosine_inv_A":-0.12179627269506454,