{"train_group_0_acc":1,"test_group_3_acc":0,"_step":0,"test_group_0_acc":1,"train_worst_acc":0,"train_group_3_loss":31.852294921875,"epoch":1,"train_group_0_loss":13.280924797058105,"test_avg_loss":17.394878387451172,"test_group_1_loss":13.275724411010742,"test_group_2_loss":31.85694122314453,"test_avg_acc":0.778391420841217,"_timestamp":1.7616393183146784e+09,"test_group_0_loss":13.28119945526123,"test_worst_acc":0,"train_avg_acc":0.7678832411766052,"train_group_1_acc":1,"_runtime":139,"train_group_3_acc":0,"test_group_3_loss":31.850324630737305,"_wandb":{"runtime":139},"test_worst_loss":31.85694122314453,"train_group_1_loss":13.276510238647461,"train_group_2_acc":0,"train_avg_loss":17.591520309448242,"test_group_1_acc":1,"train_worst_loss":31.85563850402832,"train_group_2_loss":31.85563850402832,"test_group_2_acc":0}