{"train_avg_acc":0.9321799874305725,"test_group_3_acc":0.9448888897895813,"analysis/prop1_terms_train/g1_(-1, 1)_g2_(-1, -1)_term3":0.05762069299817085,"train_group_3_acc":0.9436888694763184,"test_worst_loss":0.3064670264720917,"test_group_0_loss":0.2925826907157898,"analysis/grad_basis_train/cosine_inv_C":-0.0009657882037572563,"parameters/classifier.weight":{"values":[1,0,1,0,0,3,1,0,3,1,2,5,3,5,15,13,12,12,20,15,29,36,33,49,52,78,83,100,138,130,170,211,251,307,350,332,300,240,204,172,155,143,87,75,67,56,35,29,17,12,14,11,6,7,0,1,1,0,0,1,0,1,0,1],"bins":[-23.81956672668457,-23.13905906677246,-22.45855140686035,-21.77804183959961,-21.0975341796875,-20.41702651977539,-19.73651885986328,-19.056011199951172,-18.375503540039062,-17.69499397277832,-17.01448631286621,-16.3339786529541,-15.653470993041992,-14.972962379455566,-14.292454719543457,-13.611946105957031,-12.931438446044922,-12.250930786132812,-11.570422172546387,-10.889914512634277,-10.209405899047852,-9.528898239135742,-8.848390579223633,-8.167881965637207,-7.487374305725098,-6.80686616897583,-6.1263580322265625,-5.445850372314453,-4.7653422355651855,-4.084834098815918,-3.4043262004852295,-2.723818302154541,-2.0433120727539062,-1.3628040552139282,-0.6822960376739502,-0.001788020133972168,0.6787199974060059,1.3592280149459839,2.039736032485962,2.7202439308166504,3.400752067565918,4.0812602043151855,4.761768341064453,5.4422760009765625,6.12278413772583,6.803292274475098,7.483799934387207,8.164308547973633,8.844816207885742,9.525323867797852,10.205832481384277,10.886340141296387,11.566848754882812,12.247356414794922,12.927864074707031,13.608372688293457,14.288880348205566,14.969388008117676,15.649896621704102,16.33040428161621,17.01091194152832,17.69141960144043,18.371929168701172,19.05243682861328,19.73294448852539],"_type":"histogram"},"test_group_0_acc":0.9177777767181396,"train_group_0_loss":0.2928801476955414,"analysis/grad_basis_train/norm_C":0.33936724066734314,"parameters/layers.0.weight":{"_type":"histogram","values":[2,2,4,11,26,34,88,167,355,671,1245,2215,3754,6371,10458,16459,25502,38215,55622,79155,110053,147792,192957,245468,303813,367150,430258,491010,545908,589582,620625,633839,632270,614309,577844,530259,472254,409813,345823,283819,226976,176442,134278,98898,70925,49523,33676,21998,14245,8825,5417,3211,1849,1095,581,310,176,86,51,18,6,1,1,2],"bins":[-5.295499324798584,-5.129124641418457,-4.962749481201172,-4.796374797821045,-4.630000114440918,-4.463624954223633,-4.297250270843506,-4.130875587463379,-3.964500665664673,-3.798125743865967,-3.63175106048584,-3.465376138687134,-3.2990012168884277,-3.132626533508301,-2.9662516117095947,-2.7998769283294678,-2.6335020065307617,-2.4671270847320557,-2.3007524013519287,-2.1343774795532227,-1.9680026769638062,-1.8016278743743896,-1.6352529525756836,-1.468878149986267,-1.3025033473968506,-1.136128544807434,-0.9697536826133728,-0.8033788204193115,-0.637004017829895,-0.47062918543815613,-0.30425435304641724,-0.13787952065467834,0.028495311737060547,0.19487014412879944,0.36124497652053833,0.5276198387145996,0.6939946413040161,0.8603694438934326,1.0267443656921387,1.1931191682815552,1.3594939708709717,1.5258687734603882,1.6922435760498047,1.8586184978485107,2.024993419647217,2.1913681030273438,2.35774302482605,2.5241177082061768,2.690492630004883,2.856867551803589,3.023242235183716,3.189617156982422,3.355991840362549,3.522366762161255,3.688741683959961,3.855116367340088,4.021491050720215,4.1878662109375,4.354240894317627,4.520615577697754,4.686990737915039,4.853365421295166,5.019740104675293,5.186115264892578,5.352489948272705]},"train_group_1_loss":0.2761607766151428,"_wandb":{"runtime":2656},"test_avg_loss":0.2813684940338135,"train_avg_loss":0.27604520320892334,"_timestamp":1.7616382870900576e+09,"test_group_2_loss":0.2786187529563904,"train_group_2_acc":0.949999988079071,"analysis/grad_basis_train/norm_inv":0.014475797303020954,"test_group_3_loss":0.2478053867816925,"train_group_3_loss":0.2615003287792206,"gradients/layers.0.weight":{"_type":"histogram","values":[2,2,6,3,6,9,7,23,26,53,73,116,149,227,306,484,661,855,1258,1800,2421,3126,4225,5992,8368,12133,17280,25601,38864,62884,120509,323878,7.078109e+06,1.366445e+06,278757,109899,57978,35103,23117,15355,10802,7881,5543,3721,2807,2076,1429,1021,715,505,359,238,167,128,79,56,45,39,20,13,14,10,3,11],"bins":[-0.00014175570686347783,-0.00013744839816354215,-0.00013314108946360648,-0.0001288337807636708,-0.00012452647206373513,-0.00012021916336379945,-0.00011591185466386378,-0.0001116045459639281,-0.00010729723726399243,-0.00010298992856405675,-9.868261986412108e-05,-9.43753111641854e-05,-9.006800246424973e-05,-8.576069376431406e-05,-8.145338506437838e-05,-7.71460763644427e-05,-7.283876766450703e-05,-6.853145896457136e-05,-6.422415026463568e-05,-5.991684156470001e-05,-5.560953286476433e-05,-5.130222416482866e-05,-4.6994915464892983e-05,-4.268760676495731e-05,-3.8380298065021634e-05,-3.407298936508596e-05,-2.9765680665150285e-05,-2.545837196521461e-05,-2.1151063265278935e-05,-1.684375456534326e-05,-1.2536445865407586e-05,-8.229137165471911e-06,-3.921843017451465e-06,3.8546568248420954e-07,4.692774382419884e-06,9.000083082355559e-06,1.3307391782291234e-05,1.7614700482226908e-05,2.1922009182162583e-05,2.6229317882098258e-05,3.053662658203393e-05,3.484393528196961e-05,3.915124398190528e-05,4.3458552681840956e-05,4.776586138177663e-05,5.2073170081712306e-05,5.638047878164798e-05,6.0687787481583655e-05,6.499509618151933e-05,6.9302404881455e-05,7.360971358139068e-05,7.791702228132635e-05,8.222433098126203e-05,8.65316396811977e-05,9.083894838113338e-05,9.514625708106905e-05,9.945356578100473e-05,0.0001037608744809404,0.00010806818318087608,0.00011237549188081175,0.00011668280058074743,0.0001209901092806831,0.00012529741798061877,0.00012960472668055445,0.00013391203538049012]},"train_group_0_acc":0.9190222024917603,"train_worst_acc":0.9190222024917603,"train_group_2_loss":0.25531908869743347,"analysis/prop1_terms_train/g1_(1, -1)_g2_(1, 1)_term2":0,"test_group_2_acc":0.9359999895095825,"analysis/prop1_terms_train/g1_(-1, 1)_g2_(-1, -1)_term1":1.688710199232446e-06,"_step":1844,"analysis/grad_basis_train/norm_AY":0.18979617953300476,"analysis/grad_basis_train/cosine_C_A":0.0045766886323690414,"test_avg_acc":0.9262222051620483,"analysis/grad_basis_train/cosine_inv_A":-0.0280079934746027,"gradients/classifier.weight":{"values":[2,0,2,0,2,0,0,1,1,2,0,2,0,2,3,0,4,1,1,0,4,5,4,5,9,12,11,12,5,10,15,16,19,18,26,20,28,27,34,35,50,40,45,50,57,84,92,119,125,149,157,167,220,222,223,249,218,250,235,191,201,210,188,216],