{"train_group_0_loss":8.874650001525879,"test_group_0_acc":1,"test_avg_acc":0.778391420841217,"test_group_3_acc":0,"test_group_1_loss":8.868254661560059,"train_avg_acc":0.7678832411766052,"train_worst_loss":24.792306900024414,"_wandb":{"runtime":136},"train_worst_acc":0,"_timestamp":1.7616396183841846e+09,"train_group_2_loss":24.792306900024414,"test_group_0_loss":8.87408447265625,"epoch":1,"test_group_1_acc":1,"_step":0,"test_worst_acc":0,"train_group_3_acc":0,"test_worst_loss":24.79140853881836,"train_group_1_loss":8.86856746673584,"train_group_2_acc":0,"train_group_3_loss":24.781177520751953,"test_group_3_loss":24.78009605407715,"test_group_2_acc":0,"train_avg_loss":12.566717147827148,"train_group_0_acc":1,"train_group_1_acc":1,"test_group_2_loss":24.79140853881836,"test_avg_loss":12.39797592163086,"_runtime":136}