{"analysis/grad_gram_train/G(-1,-1)_vs_G(1,1)":-0.09330689907073975,"test_avg_loss":0.9866397380828857,"analysis/grad_gram_train/G(1,1)_vs_G(1,1)":0.1543712466955185,"analysis/grad_gram_train/G(-1,1)_vs_G(1,-1)":-0.12167450785636902,"_wandb":{"runtime":23},"train_avg_loss":0.8890514969825745,"_step":11,"train_group_0_acc":1,"test_group_1_acc":0.0015509887598454952,"train_group_3_acc":1,"test_avg_acc":0.5005999803543091,"analysis/grad_gram_train/G(-1,-1)_vs_G(-1,1)":0.10579890012741089,"train_group_2_loss":1.1305047273635864,"analysis/grad_gram_train/G(1,-1)_vs_G(1,-1)":0.20256388187408447,"test_group_3_loss":0.8710304498672485,"test_group_1_loss":1.0944770574569702,"analysis/grad_gram_train/G(1,-1)_vs_G(1,1)":0.11254464089870453,"test_group_0_loss":0.8529337644577026,"analysis/grad_gram_train/G(-1,1)_vs_G(1,1)":-0.1612820029258728,"train_worst_loss":1.1305047273635864,"_timestamp":1.7616324815136425e+09,"train_group_1_acc":0,"test_group_0_acc":1,"test_worst_acc":0,"test_group_2_loss":1.1298781633377075,"train_worst_acc":0,"test_group_2_acc":0,"train_group_0_loss":0.8553855419158936,"test_worst_loss":1.1298781633377075,"train_avg_acc":0.9010199904441833,"test_group_3_acc":1,"train_group_1_loss":1.0945173501968384,"train_group_3_loss":0.8740968704223633,"epoch":6,"analysis/grad_gram_train/G(-1,-1)_vs_G(1,-1)":-0.1647954285144806,"train_group_2_acc":0,"_runtime":23,"analysis/grad_gram_train/G(-1,-1)_vs_G(-1,-1)":0.14504466950893402,"analysis/grad_gram_train/G(-1,1)_vs_G(-1,1)":0.18260693550109863}