{"train_worst_loss":0.5300440788269043,"analysis/prop1_terms_train/g1_(-1, 1)_g2_(-1, -1)_term2":0,"test_group_2_acc":0.8768888711929321,"test_group_3_loss":0.45121318101882935,"epoch":273,"gradients/classifier.weight":{"bins":[-0.0007428262033499777,-0.0007312235538847744,-0.0007196208462119102,-0.000708018196746707,-0.0006964155472815037,-0.0006848128396086395,-0.0006732101901434362,-0.0006616075406782329,-0.0006500048330053687,-0.0006384021835401654,-0.0006267995340749621,-0.0006151968264020979,-0.0006035941769368947,-0.0005919915274716914,-0.0005803888197988272,-0.0005687861703336239,-0.0005571835208684206,-0.0005455808131955564,-0.0005339781637303531,-0.0005223755142651498,-0.0005107728065922856,-0.0004991701571270823,-0.00048756750766187906,-0.0004759648290928453,-0.0004643621505238116,-0.0004527595010586083,-0.00044115682248957455,-0.0004295541439205408,-0.0004179514944553375,-0.0004063488158863038,-0.00039474613731727004,-0.00038314348785206676,-0.00037154078017920256,-0.00035993813071399927,-0.00034833545214496553,-0.0003367327735759318,-0.0003251301241107285,-0.00031352744554169476,-0.000301924766972661,-0.00029032211750745773,-0.000278719438938424,-0.0002671167894732207,-0.00025551411090418696,-0.00024391143233515322,-0.0002323087683180347,-0.0002207061043009162,-0.00020910342573188245,-0.00019750076171476394,-0.00018589809769764543,-0.0001742954336805269,-0.00016269275511149317,-0.00015109009109437466,-0.00013948742707725614,-0.0001278847485082224,-0.00011628208449110389,-0.00010467941319802776,-9.307674918090925e-05,-8.147407788783312e-05,-6.987140659475699e-05,-5.826874257763848e-05,-4.666607128456235e-05,-3.506340362946503e-05,-2.3460735974367708e-05,-1.1858066500280984e-05,-2.553983335928933e-07],"_type":"histogram","values":[1,0,0,0,0,2,0,0,1,2,4,0,2,0,4,1,3,8,4,7,7,10,11,9,13,19,14,14,29,22,33,29,22,24,35,36,44,55,53,64,61,55,73,71,85,94,114,105,125,114,120,139,163,148,144,155,199,193,201,206,199,230,264,256]},"test_worst_acc":0.8080000281333923,"train_group_0_acc":0.8149333596229553,"test_group_1_loss":0.5247914791107178,"train_group_2_loss":0.464068740606308,"test_avg_acc":0.840666651725769,"_wandb":{"runtime":875},"train_worst_acc":0.8127999901771545,"analysis/grad_basis_train/norm_A":0.014214550144970417,"test_avg_loss":0.4825586974620819,"train_group_3_loss":0.46459054946899414,"analysis/grad_basis_train/cosine_inv_A":0.0091080442070961,"train_group_1_loss":0.5210503935813904,"train_group_3_acc":0.8575555682182312,"train_avg_acc":0.8362600207328796,"analysis/grad_basis_train/norm_inv":0.023019302636384964,"_runtime":875,"test_worst_loss":0.5247914791107178,"analysis/prop1_terms_train/g1_(-1, 1)_g2_(-1, -1)_term3":0.10605026036500931,"train_group_2_acc":0.8600000143051147,"test_group_3_acc":0.8657777905464172,"analysis/prop1_terms_train/g1_(1, -1)_g2_(1, 1)_term1":-1.9856681319652125e-05,"analysis/prop1_terms_train/g1_(-1, 1)_g2_(-1, -1)_term1":-3.177589678671211e-05,"analysis/grad_basis_train/cosine_C_AY":-0.01554222870618105,"analysis/grad_basis_train/cosine_C_A":0.012858031317591667,"test_group_0_loss":0.5240417718887329,"_step":544,"analysis/grad_basis_train/cosine_inv_C":-0.0006233587628230453,"analysis/grad_basis_train/norm_AY":0.25741344690322876,"gradients/layers.0.weight":{"bins":[-0.00017392728477716446,-0.00016854790737852454,-0.00016316852997988462,-0.0001577891525812447,-0.00015240976063068956,-0.00014703038323204964,-0.00014165100583340973,-0.0001362716284347698,-0.0001308922510361299,-0.00012551287363748997,-0.00012013348896289244,-0.00011475411156425253,-0.000109374726889655,-0.00010399534949101508,-9.861597209237516e-05,-9.323658741777763e-05,-8.785721001913771e-05,-8.247783262049779e-05,-7.709844794590026e-05,-7.171907054726034e-05,-6.633969314862043e-05,-6.09603121120017e-05,-5.558093107538298e-05,-5.020155367674306e-05,-4.4822172640124336e-05,-3.944279160350561e-05,-3.4063414204865694e-05,-2.868403316824697e-05,-2.330465395061765e-05,-1.7925274732988328e-05,-1.2545894605864305e-05,-7.166514933487633e-06,-1.7871352611109614e-06,3.5922444112657104e-06,8.971624083642382e-06,1.4351004210766405e-05,1.9730383428395726e-05,2.5109762646025047e-05,3.048914368264377e-05,3.586852108128369e-05,4.124790211790241e-05,4.662728315452114e-05,5.2006660553161055e-05,5.738604158977978e-05,6.27654226263985e-05,6.814480002503842e-05,7.352417742367834e-05,7.890356209827587e-05,8.428293949691579e-05,8.96623168955557e-05,9.504170157015324e-05,0.00010042107896879315,0.00010580045636743307,0.0001111798410420306,0.00011655921844067052,0.00012193859583931044,0.00012731798051390797,0.00013269735791254789,0.0001380767353111878,0.00014345611270982772,0.00014883549010846764,0.00015421488205902278,0.0001595942594576627,0.00016497363685630262,0.00017035301425494254],"_type":"histogram","values":[3,2,3,8,14,22,38,55,80,129,172,271,377,505,672,951,1312,1779,2296,3015,3971,5371,6981,8945,11368,14500,18654,26671,46037,89963,189464,609331,7.769564e+06,443132,158444,78158,43006,27300,19406,13700,9757,7012,5454,4237,3164,2438,1773,1238,918,581,402,278,235,189,116,110,71,50,42,22,16,10,5,4]},"test_group_0_acc":0.8080000281333923,"_timestamp":1.7616434160779302e+09,"parameters/layers.0.weight":{"values":[5,6,10,32,54,103,230,413,688,1271,2233,3762,6142,10167,15727,23967,35648,51627,72893,100192,135005,176326,224569,278053,336815,396634,455234,511464,558277,592287,613348,617694,607912,581993,542060,495109,438696,378656,318115,262103,209364,162959,123803,91688,66101,46109,31793,21211,13814,8704,5333,3216,1818,1095,616,317,159,78,51,22,13,5,2,1],"bins":[-5.05013370513916,-4.888896942138672,-4.727660179138184,-4.566423416137695,-4.405186653137207,-4.243949890136719,-4.0827131271362305,-3.921476125717163,-3.760239362716675,-3.5990025997161865,-3.4377658367156982,-3.27652907371521,-3.1152920722961426,-2.9540553092956543,-2.792818546295166,-2.6315817832946777,-2.4703450202941895,-2.309108257293701,-2.147871494293213,-1.986634612083435,-1.8253978490829468,-1.6641610860824585,-1.5029242038726807,-1.3416874408721924,-1.180450677871704,-1.0192139148712158,-0.8579770922660828,-0.6967402696609497,-0.5355035066604614,-0.37426671385765076,-0.2130299210548401,-0.05179312825202942,0.10944318771362305,0.2706799805164337,0.4319167733192444,0.5931535959243774,0.7543903589248657,0.915627121925354,1.0768640041351318,1.2381007671356201,1.3993375301361084,1.5605742931365967,1.721811056137085,1.8830479383468628,2.0442848205566406,2.205521583557129,2.366758346557617,2.5279951095581055,2.6892318725585938,2.850468635559082,3.0117053985595703,3.1729421615600586,3.334178924560547,3.4954159259796143,3.6566526889801025,3.817889451980591,3.979126214981079,4.1403632164001465,4.301599979400635,4.462836742401123,4.624073505401611,4.7853102684021,4.946547031402588,5.107783794403076,5.2690205574035645],"_type":"histogram"},"analysis/grad_basis_train/cosine_A_AY":-0.004787276033312082,"test_group_2_loss":0.43018826842308044,"analysis/grad_basis_train/norm_C":0.48413318395614624,"analysis/grad_basis_train/cosine_inv_AY":-0.002178622642531991,"parameters/classifier.weight":{"_type":"histogram","values":[1,0,0,0,0,0,1,0,1,0,3,1,0,4,3,2,4,8,8,13,12,25,17,40,29,46,73,58,89,112,131,166,193,213,250,339,329,312,286,258,203,175,124,102,89,72,51,63,27,41,32,22,13,12,15,8,4,5,2,3,4,1,0,1],