{"test_group_1_acc":0.20222222805023193,"analysis/grad_basis_train/norm_C":0.31305673718452454,"test_group_3_acc":0.9173333048820496,"test_group_2_loss":1.9769179821014404,"gradients/classifier.weight":{"values":[1,0,0,0,0,1,0,0,0,1,0,1,1,2,2,0,2,2,3,4,3,3,5,4,2,14,8,9,16,14,18,20,16,16,22,27,31,34,37,50,60,51,49,61,60,78,95,101,112,112,125,111,146,176,178,179,218,179,235,265,268,300,292,276],"bins":[-0.02903980016708374,-0.028586070984601974,-0.028132343664765358,-0.027678614482283592,-0.027224887162446976,-0.02677115797996521,-0.026317430660128593,-0.025863701477646828,-0.025409972295165062,-0.024956244975328445,-0.02450251579284668,-0.024048788473010063,-0.023595059290528297,-0.02314133010804653,-0.022687602788209915,-0.02223387360572815,-0.021780146285891533,-0.021326417103409767,-0.02087268978357315,-0.020418960601091385,-0.01996523141860962,-0.019511504098773003,-0.019057774916291237,-0.01860404759645462,-0.018150318413972855,-0.017696591094136238,-0.017242861911654472,-0.016789132729172707,-0.01633540540933609,-0.015881676226854324,-0.015427947975695133,-0.014974219724535942,-0.014520490542054176,-0.014066762290894985,-0.013613034039735794,-0.013159305788576603,-0.012705576606094837,-0.012251848354935646,-0.011798120103776455,-0.011344391852617264,-0.010890663601458073,-0.010436935350298882,-0.009983206167817116,-0.009529477916657925,-0.009075749665498734,-0.008622021414339542,-0.008168293163180351,-0.007714564446359873,-0.007260836195200682,-0.0068071079440414906,-0.006353379227221012,-0.005899650976061821,-0.00544592272490263,-0.004992194473743439,-0.00453846575692296,-0.004084737505763769,-0.0036310090217739344,-0.0031772807706147432,-0.0027235522866249084,-0.0022698238026350737,-0.0018160954350605607,-0.0013623670674860477,-0.0009086386999115348,-0.0004549102741293609,-1.181881543743657e-06],"_type":"histogram"},"_timestamp":1.761647574474698e+09,"train_avg_loss":0.5160067081451416,"train_group_0_loss":0.36608415842056274,"train_group_3_acc":0.9067111015319824,"analysis/prop1_terms_train/g1_(-1, 1)_g2_(-1, -1)_term1":-0.021198872476816177,"analysis/prop1_terms_train/g1_(1, -1)_g2_(1, 1)_term2":0,"parameters/layers.0.weight":{"_type":"histogram","values":[1,0,2,0,5,10,23,53,112,221,406,741,1530,2706,4626,7879,12922,20489,31699,47685,70519,98465,135193,181367,234858,296386,362909,430815,496212,556723,605962,640531,657887,652884,634263,595219,541882,481567,414761,345988,280773,220641,169358,125293,91095,63548,43132,28618,18277,11451,7032,4030,2327,1288,694,369,198,88,42,16,12,5,3,1],"bins":[-5.6381731033325195,-5.466689109802246,-5.295205593109131,-5.123721599578857,-4.952238082885742,-4.780754089355469,-4.609270095825195,-4.43778657913208,-4.266302585601807,-4.094818592071533,-3.923335075378418,-3.7518510818481445,-3.58036732673645,-3.408883571624756,-3.2373995780944824,-3.065915822982788,-2.8944320678710938,-2.7229483127593994,-2.551464557647705,-2.3799805641174316,-2.2084968090057373,-2.037013053894043,-1.865529179573059,-1.6940453052520752,-1.5225615501403809,-1.3510777950286865,-1.1795939207077026,-1.0081100463867188,-0.8366262912750244,-0.6651424765586853,-0.4936586618423462,-0.3221748471260071,-0.15069103240966797,0.020792782306671143,0.19227659702301025,0.36376041173934937,0.5352442264556885,0.7067280411720276,0.8782118558883667,1.0496957302093506,1.221179485321045,1.3926632404327393,1.5641471147537231,1.735630989074707,1.9071147441864014,2.0785984992980957,2.250082492828369,2.4215662479400635,2.593050003051758,2.764533758163452,2.9360175132751465,3.10750150680542,3.2789852619171143,3.4504690170288086,3.621953010559082,3.7934367656707764,3.9649205207824707,4.136404514312744,4.307888031005859,4.479372024536133,4.650856018066406,4.8223395347595215,4.993823528289795,5.16530704498291,5.336791038513184]},"test_worst_loss":1.9842747449874878,"analysis/grad_basis_train/cosine_A_AY":0.08622664213180542,"train_group_2_acc":0.1923999935388565,"_runtime":397,"train_group_1_acc":0.22759999334812164,"test_group_3_loss":0.3124833106994629,"analysis/grad_basis_train/norm_A":0.18271231651306152,"analysis/grad_basis_train/norm_inv":0.08963192254304886,"test_group_0_acc":0.9062222242355347,"test_group_0_loss":0.3741595447063446,"analysis/grad_basis_train/norm_AY":0.1438172310590744,"analysis/prop1_terms_train/g1_(1, -1)_g2_(1, 1)_term1":-0.02814650535583496,"_step":219,"analysis/grad_basis_train/cosine_C_A":-0.9917373657226562,"test_group_2_acc":0.18711110949516296,"epoch":110,"analysis/prop1_terms_train/g1_(1, -1)_g2_(1, 1)_term3":0.0367206335067749,"analysis/grad_basis_train/cosine_inv_A":-0.10606148093938828,"analysis/grad_basis_train/cosine_C_AY":-0.08487237244844437,"train_avg_acc":0.839460015296936,"train_worst_acc":0.1923999935388565,"test_avg_acc":0.5532222390174866,"train_group_2_loss":2.000889301300049,"analysis/grad_basis_train/cosine_inv_AY":-0.9569584131240845,"train_group_3_loss":0.34750524163246155,"gradients/layers.0.weight":{"bins":[-0.002039215760305524,-0.001969914650544524,-0.0019006134243682027,-0.0018313121981918812,-0.0017620110884308815,-0.00169270986225456,-0.0016234087524935603,-0.0015541075263172388,-0.0014848064165562391,-0.0014155051903799176,-0.0013462039642035961,-0.0012769028544425964,-0.001207601628266275,-0.0011383005185052752,-0.0010689992923289537,-0.000999698182567954,-0.0009303969563916326,-0.000861095788422972,-0.0007917946204543114,-0.0007224934524856508,-0.0006531922845169902,-0.0005838910583406687,-0.0005145898903720081,-0.0004452887224033475,-0.0003759875544346869,-0.0003066863864660263,-0.00023738520394545048,-0.00016808402142487466,-9.878285345621407e-05,-2.9481678211595863e-05,3.9819497033022344e-05,0.00010912067227764055,0.00017842184752225876,0.00024772301549091935,0.00031702418345957994,0.000386325380532071,0.0004556265485007316,0.0005249277455732226,0.0005942289135418832,0.0006635300815105438,0.0007328312494792044,0.000802132417447865,0.0008714335854165256,0.0009407347533851862,0.0010100359795615077,0.0010793370893225074,0.0011486383154988289,0.0012179394252598286,0.00128724065143615,0.0013565418776124716,0.0014258429873734713,0.0014951442135497928,0.0015644453233107924,0.001633746549487114,0.0017030476592481136,0.0017723488854244351,0.0018416501116007566,0.0019109512213617563,0.001980252331122756,0.0020495536737143993,0.002118854783475399,0.0021881558932363987,0.0022574570029973984,0.0023267583455890417,0.0023960594553500414],"_type":"histogram","values":[6,4,11,23,29,41,54,83,123,153,245,369,515,780,993,1486,2009,2740,3683,5132,7012,9648,13415,18880,27867,44323,83556,188048,613696,7.739878e+06,497182,165236,76489,41741,25397,17594,12313,9191,6700,4758,3561,2505,1831,1350,1000,691,499,312,197,124,94,58,54,35,23,11,7,7,6,8,5,5,4,2]},"test_worst_acc":0.18711110949516296,"_wandb":{"runtime":397},"analysis/prop1_terms_train/g1_(-1, 1)_g2_(-1, -1)_term3":0.029470521956682205,"test_avg_loss":1.161958932876587,"test_group_1_loss":1.9842747449874878,"analysis/prop1_terms_train/g1_(-1, 1)_g2_(-1, -1)_term2":0,"analysis/grad_basis_train/cosine_inv_C":0.09544669836759567,"train_worst_loss":2.000889301300049,"parameters/classifier.weight":{"_type":"histogram","values":[3,0,1,4,0,2,2,4,4,10,9,11,15,27,33,40,51,45,68,82,95,95,112,115,144,137,160,171,180,189,205,204,178,164,168,195,150,147,130,121,100,83,94,72,58,48,33,30,26,22,20,10,6,8,4,3,1,1,2,2,1,0,0,1],