{"test_avg_acc":0.5,"test_worst_loss":2.751772403717041,"test_worst_acc":0,"parameters/classifier.weight":{"bins":[-8.587233543395996,-8.320302963256836,-8.053372383117676,-7.786442279815674,-7.519512176513672,-7.252581596374512,-6.985651016235352,-6.71872091293335,-6.4517903327941895,-6.184859752655029,-5.917929649353027,-5.650999069213867,-5.384068489074707,-5.117138385772705,-4.850207805633545,-4.583277702331543,-4.316347122192383,-4.049416542053223,-3.7824864387512207,-3.5155558586120605,-3.2486255168914795,-2.9816951751708984,-2.7147645950317383,-2.4478342533111572,-2.180903911590576,-1.9139735698699951,-1.6470431089401245,-1.380112648010254,-1.1131823062896729,-0.846251904964447,-0.5793215036392212,-0.31239110231399536,-0.04546165466308594,0.2214687466621399,0.4883991479873657,0.7553295493125916,1.0222599506378174,1.2891902923583984,1.556120753288269,1.8230512142181396,2.0899815559387207,2.3569118976593018,2.623842239379883,2.890772819519043,3.157703161239624,3.424633502960205,3.6915640830993652,3.9584944248199463,4.225424766540527,4.4923553466796875,4.7592854499816895,5.02621603012085,5.293146133422852,5.560076713562012,5.827007293701172,6.093937397003174,6.360867977142334,6.627798557281494,6.894728660583496,7.161659240722656,7.428589820861816,7.695519924163818,7.9624505043029785,8.22938060760498,8.49631118774414],"_type":"histogram","values":[1,0,0,0,0,2,0,2,1,1,2,6,6,8,9,8,16,13,27,27,57,53,68,87,99,136,158,222,242,256,283,290,286,298,270,188,184,138,116,111,106,71,65,40,36,23,18,22,15,6,10,1,4,3,0,0,0,1,0,1,1,1,0,1]},"train_group_0_loss":0.07952086627483368,"test_group_3_loss":0.09166345000267029,"_step":106,"train_worst_acc":0,"train_worst_loss":2.679494857788086,"analysis/prop1_terms_train/g1_(-1, 1)_g2_(-1, -1)_term2":-0.0038126171566545963,"train_group_1_loss":2.4661152362823486,"gradients/classifier.weight":{"bins":[-0.0008213337860070169,-0.0008085009176284075,-0.0007956680492497981,-0.0007828352390788496,-0.0007700023707002401,-0.0007571695023216307,-0.0007443366339430213,-0.0007315037655644119,-0.0007186708971858025,-0.000705838087014854,-0.0006930052186362445,-0.0006801723502576351,-0.0006673394818790257,-0.0006545066135004163,-0.0006416738033294678,-0.0006288409349508584,-0.0006160080665722489,-0.0006031751981936395,-0.0005903423298150301,-0.0005775095196440816,-0.0005646766512654722,-0.0005518437828868628,-0.0005390109145082533,-0.0005261780461296439,-0.0005133452359586954,-0.000500512367580086,-0.0004876794992014766,-0.00047484663082286716,-0.00046201376244425774,-0.0004491809231694788,-0.00043634805479086936,-0.0004235152155160904,-0.000410682347137481,-0.00039784947875887156,-0.0003850166394840926,-0.0003721837711054832,-0.00035935090272687376,-0.0003465180634520948,-0.0003336851950734854,-0.0003208523557987064,-0.000308019487420097,-0.0002951866190414876,-0.0002823537797667086,-0.0002695209113880992,-0.0002566880430094898,-0.0002438552037347108,-0.0002310223353561014,-0.0002181894815294072,-0.000205356627702713,-0.00019252377387601882,-0.0001796909054974094,-0.0001668580516707152,-0.00015402519784402102,-0.00014119234401732683,-0.0001283594756387174,-0.00011552662181202322,-0.00010269376798532903,-8.986090688267723e-05,-7.702805305598304e-05,-6.419519195333123e-05,-5.1362334488658234e-05,-3.852947702398524e-05,-2.569661955931224e-05,-1.2863762094639242e-05,-3.090466904609457e-08],"_type":"histogram","values":[1,0,0,2,0,0,1,0,0,0,0,0,0,0,0,3,2,1,3,0,1,2,1,3,3,4,7,6,5,3,8,10,12,8,13,17,12,34,25,26,24,36,22,32,38,35,51,45,41,60,67,69,86,102,111,131,160,213,249,334,431,547,533,466]},"train_group_2_loss":2.679494857788086,"test_group_1_acc":0,"test_group_3_acc":1,"_runtime":193,"train_avg_acc":0.9001799821853638,"train_avg_loss":0.32944804430007935,"train_group_1_acc":0,"test_group_0_loss":0.09296704828739166,"analysis/prop1_terms_train/g1_(-1, 1)_g2_(-1, -1)_term1":-0.15717805922031403,"test_group_2_acc":0,"test_group_2_loss":2.751772403717041,"train_group_2_acc":0,"_timestamp":1.7616339688971899e+09,"analysis/prop1_terms_train/g1_(1, -1)_g2_(1, 1)_term3":0.22603479027748108,"train_group_3_acc":1,"epoch":54,"analysis/prop1_terms_train/g1_(-1, 1)_g2_(-1, -1)_term3":0.17392387986183167,"test_group_0_acc":1,"test_avg_loss":1.3772327899932861,"train_group_3_loss":0.08241799473762512,"gradients/layers.0.weight":{"_type":"histogram","values":[1,1,2,5,2,11,10,14,21,25,32,35,44,57,62,68,91,103,145,178,268,366,498,737,981,1368,1790,2327,3044,3841,5034,6579,8439,10750,13789,17635,23152,32829,53951,104119,227737,743800,7.840235e+06,331531,95056,43042,23494,14426,8650,5317,3318,2068,1256,730,365,164,90,37,29,17,12,7,5,2],"bins":[-9.05371707631275e-05,-8.839515794534236e-05,-8.62531378515996e-05,-8.411112503381446e-05,-8.19691049400717e-05,-7.982709212228656e-05,-7.76850720285438e-05,-7.554305921075866e-05,-7.34010391170159e-05,-7.125902629923075e-05,-6.911701348144561e-05,-6.697499338770285e-05,-6.483298056991771e-05,-6.269096047617495e-05,-6.054894765838981e-05,-5.8406931202625856e-05,-5.6264914746861905e-05,-5.4122898291097954e-05,-5.1980881835334e-05,-4.983886537957005e-05,-4.76968489238061e-05,-4.555483610602096e-05,-4.3412819650257006e-05,-4.1270803194493055e-05,-3.9128786738729104e-05,-3.6986770282965153e-05,-3.48447538272012e-05,-3.270273737143725e-05,-3.056072455365211e-05,-2.8418706278898753e-05,-2.6276691642124206e-05,-2.4134675186360255e-05,-2.199266236857511e-05,-1.985064591281116e-05,-1.770862945704721e-05,-1.5566614820272662e-05,-1.342459836450871e-05,-1.128258190874476e-05,-9.14056636247551e-06,-6.998550361458911e-06,-4.8565343604423106e-06,-2.7145183594257105e-06,-5.725023584091105e-07,1.5695136426074896e-06,3.7115296436240897e-06,5.85354564464069e-06,7.99556164565729e-06,1.0137577191926539e-05,1.227959364769049e-05,1.442161010345444e-05,1.6563626559218392e-05,1.870564119599294e-05,2.084765765175689e-05,2.298967410752084e-05,2.513168874429539e-05,2.727370520005934e-05,2.941572165582329e-05,3.155773811158724e-05,3.369975456735119e-05,3.584177102311514e-05,3.7983787478879094e-05,4.012580029666424e-05,4.226781675242819e-05,4.440983320819214e-05,4.655184966395609e-05]},"parameters/layers.0.weight":{"bins":[-5.3934736251831055,-5.229172706604004,-5.064871311187744,-4.900570392608643,-4.736269474029541,-4.571968078613281,-4.40766716003418,-4.243366241455078,-4.079064846038818,-3.914763927459717,-3.750462770462036,-3.5861616134643555,-3.421860694885254,-3.2575595378875732,-3.0932583808898926,-2.928957462310791,-2.7646563053131104,-2.6003551483154297,-2.436054229736328,-2.2717530727386475,-2.107451915740967,-1.9431508779525757,-1.7788498401641846,-1.614548683166504,-1.4502476453781128,-1.2859466075897217,-1.121645450592041,-0.9573444128036499,-0.793043315410614,-0.6287422180175781,-0.4644411504268646,-0.3001400828361511,-0.13583898544311523,0.02846209704875946,0.19276317954063416,0.35706424713134766,0.5213653445243835,0.6856664419174194,0.8499674797058105,1.0142686367034912,1.1785696744918823,1.3428707122802734,1.507171869277954,1.6714729070663452,1.8357739448547363,2.000075101852417,2.1643762588500977,2.328677177429199,2.49297833442688,2.6572794914245605,2.821580410003662,2.9858815670013428,3.1501827239990234,3.314483642578125,3.4787847995758057,3.6430859565734863,3.807386875152588,3.9716880321502686,4.135989189147949,4.300290107727051,4.4645915031433105,4.628892421722412,4.793193340301514,4.957494735717773,5.121795654296875],"_type":"histogram","values":[1,1,3,4,8,22,51,115,181,403,742,1348,2457,4224,6823,10989,17281,26526,39581,57700,80935,111713,149122,194619,247269,305152,366304,430003,489064,542941,585007,614839,630589,627116,607116,574676,526445,469863,410069,347002,286797,229988,179473,136801,101083,73429,51128,35073,23235,14982,9649,5915,3473,2083,1120,615,306,167,74,58,18,14,5,2]},"test_group_1_loss":2.5773069858551025,"analysis/prop1_terms_train/g1_(1, -1)_g2_(1, 1)_term2":0.004571331199258566,"analysis/prop1_terms_train/g1_(1, -1)_g2_(1, 1)_term1":-0.21629604697227478,"_wandb":{"runtime":193},"train_group_0_acc":1}