{"train_group_2_acc":0.8844000101089478,"analysis/prop1_terms_train/g1_(1, -1)_g2_(1, 1)_term3":0.09470894187688828,"train_group_0_loss":0.48151397705078125,"_runtime":1084,"_timestamp":1.7616459252100968e+09,"test_worst_loss":0.5111485719680786,"train_group_1_loss":0.47850745916366577,"analysis/grad_basis_train/cosine_C_A":-0.00395376468077302,"gradients/classifier.weight":{"_type":"histogram","values":[1,0,0,0,1,1,3,1,1,4,1,0,2,8,8,0,11,9,15,7,6,10,14,17,19,17,14,16,18,32,30,32,30,43,34,41,35,46,53,36,57,77,71,87,67,92,100,95,116,100,126,136,142,144,177,204,195,206,194,202,196,214,240,242],"bins":[-0.0006131773116067052,-0.0006036016275174916,-0.0005940258852206171,-0.0005844502011314034,-0.0005748745170421898,-0.0005652988329529762,-0.0005557230906561017,-0.0005461474065668881,-0.0005365717224776745,-0.0005269960383884609,-0.0005174202960915864,-0.0005078446120023727,-0.0004982689279131591,-0.0004886932438239455,-0.00047911753063090146,-0.0004695418174378574,-0.0004599661333486438,-0.0004503904201555997,-0.00044081470696255565,-0.00043123902287334204,-0.00042166330968029797,-0.00041208762559108436,-0.0004025119123980403,-0.0003929362283088267,-0.0003833605151157826,-0.000373784831026569,-0.00036420911783352494,-0.00035463343374431133,-0.00034505772055126727,-0.00033548203646205366,-0.0003259063232690096,-0.000316330639179796,-0.0003067549259867519,-0.00029717921279370785,-0.00028760352870449424,-0.00027802781551145017,-0.0002684521023184061,-0.0002588764182291925,-0.00024930070503614843,-0.00023972502094693482,-0.00023014932230580598,-0.00022057362366467714,-0.0002109979250235483,-0.00020142222638241947,-0.0001918465131893754,-0.00018227081454824656,-0.00017269511590711772,-0.00016311941726598889,-0.00015354371862486005,-0.0001439680199837312,-0.00013439232134260237,-0.00012481662270147353,-0.0001152409240603447,-0.00010566522541921586,-9.608952677808702e-05,-8.651382813695818e-05,-7.693812949582934e-05,-6.736242357874289e-05,-5.7786724937614053e-05,-4.8211026296485215e-05,-3.863532765535638e-05,-2.905962901422754e-05,-1.9483928554109298e-05,-9.908229003485758e-06,-3.32529452862218e-07]},"test_group_1_acc":0.8191111087799072,"analysis/grad_basis_train/cosine_C_AY":-0.003544273553416133,"test_worst_acc":0.8191111087799072,"epoch":372,"test_group_2_acc":0.8888888955116272,"test_group_2_loss":0.4105800688266754,"test_group_3_loss":0.3856164216995239,"_step":742,"train_avg_acc":0.8580399751663208,"train_worst_loss":0.48151397705078125,"analysis/grad_basis_train/norm_A":0.012743030674755573,"train_group_2_loss":0.4055030047893524,"train_avg_loss":0.4494779706001282,"analysis/grad_basis_train/norm_C":0.4501040577888489,"analysis/grad_basis_train/norm_inv":0.01979789324104786,"analysis/prop1_terms_train/g1_(1, -1)_g2_(1, 1)_term2":0,"analysis/prop1_terms_train/g1_(1, -1)_g2_(1, 1)_term1":-3.140370154142147e-06,"gradients/layers.0.weight":{"bins":[-0.00016977057384792715,-0.00016484101070091128,-0.00015991143300198019,-0.00015498186985496432,-0.00015005230670794845,-0.00014512272900901735,-0.00014019316586200148,-0.00013526358816307038,-0.0001303340250160545,-0.00012540446186903864,-0.00012047488417010754,-0.00011554532102309167,-0.00011061575060011819,-0.0001056861801771447,-0.00010075661703012884,-9.582704660715535e-05,-9.089747618418187e-05,-8.596790576120839e-05,-8.10383353382349e-05,-7.610877219121903e-05,-7.117920176824555e-05,-6.624963134527206e-05,-6.13200681982562e-05,-5.639049777528271e-05,-5.146092735230923e-05,-4.653135692933574e-05,-4.1601790144341066e-05,-3.667222335934639e-05,-3.1742652936372906e-05,-2.6813084332388826e-05,-2.1883515728404745e-05,-1.6953947124420665e-05,-1.2024378520436585e-05,-7.094809916452505e-06,-2.1652413124684244e-06,2.764327291515656e-06,7.693895895499736e-06,1.2623464499483816e-05,1.7553033103467897e-05,2.2482601707451977e-05,2.7412170311436057e-05,3.234174073440954e-05,3.727130751940422e-05,4.2200874304398894e-05,4.713044472737238e-05,5.206001515034586e-05,5.698958193534054e-05,6.191914872033522e-05,6.68487191433087e-05,7.177828956628218e-05,7.670785998925567e-05,8.163742313627154e-05,8.656699355924502e-05,9.14965639822185e-05,9.642612712923437e-05,0.00010135569755220786,0.00010628526797518134,0.00011121483839815482,0.00011614440882112831,0.00012107397196814418,0.00012600354966707528,0.00013093311281409115,0.00013586267596110702,0.00014079225366003811,0.00014572181680705398],"_type":"histogram","values":[6,5,2,14,19,21,37,53,78,128,153,218,312,429,593,739,1047,1258,1672,2118,2680,3298,4103,5062,6411,8055,10138,13166,17908,28477,47490,84357,165948,508940,7.748417e+06,534683,188682,87190,48472,29979,21330,15852,11683,8642,6460,4766,3608,2711,2085,1473,1013,679,422,263,180,100,66,39,24,16,7,9,2,4]},"train_group_1_acc":0.8356000185012817,"analysis/grad_basis_train/cosine_inv_C":-0.0026199081912636757,"test_group_3_acc":0.8973333239555359,"_wandb":{"runtime":1084},"analysis/prop1_terms_train/g1_(-1, 1)_g2_(-1, -1)_term1":-1.9351477931195404e-06,"analysis/prop1_terms_train/g1_(-1, 1)_g2_(-1, -1)_term2":0,"test_group_1_loss":0.5111485719680786,"train_group_0_acc":0.8352000117301941,"parameters/layers.0.weight":{"values":[2,2,6,12,33,60,117,292,544,973,1852,3167,5454,8764,14188,21801,33493,49693,71218,100502,135362,180433,232255,290214,352265,418745,481248,539884,587308,622162,639372,641829,623925,590652,543078,486711,423034,358580,295229,235596,182621,139818,103039,73489,50981,34627,22605,14622,9114,5444,3313,1867,1037,579,287,152,71,39,15,10,6,0,0,1],"bins":[-5.2003912925720215,-5.032726287841797,-4.865060806274414,-4.697395324707031,-4.529730319976807,-4.362065315246582,-4.194399833679199,-4.026734352111816,-3.859069347381592,-3.691404104232788,-3.5237388610839844,-3.3560736179351807,-3.188408374786377,-3.0207431316375732,-2.8530778884887695,-2.685412645339966,-2.517747402191162,-2.3500821590423584,-2.1824169158935547,-2.014751672744751,-1.8470864295959473,-1.6794211864471436,-1.5117559432983398,-1.3440907001495361,-1.1764254570007324,-1.0087602138519287,-0.841094970703125,-0.6734297275543213,-0.5057644844055176,-0.33809924125671387,-0.17043399810791016,-0.0027687549591064453,0.16489648818969727,0.332561731338501,0.5002269744873047,0.6678922176361084,0.8355574607849121,1.0032227039337158,1.1708879470825195,1.3385531902313232,1.506218433380127,1.6738836765289307,1.8415489196777344,2.009214162826538,2.176879405975342,2.3445446491241455,2.512209892272949,2.679875135421753,2.8475403785705566,3.0152056217193604,3.182870864868164,3.3505361080169678,3.5182013511657715,3.685866594314575,3.853531837463379,4.021197319030762,4.188862323760986,4.356527328491211,4.524192810058594,4.691858291625977,4.859523296356201,5.027188301086426,5.194853782653809,5.362519264221191,5.530184268951416],"_type":"histogram"},"analysis/prop1_terms_train/g1_(-1, 1)_g2_(-1, -1)_term3":0.09470231086015701,"test_group_0_loss":0.4592334032058716,"analysis/grad_basis_train/cosine_A_AY":0.0007429487304762006,"train_worst_acc":0.8352000117301941,"parameters/classifier.weight":{"values":[5,0,4,1,2,4,4,3,5,5,13,23,15,20,34,31,37,34,54,58,72,88,110,121,142,154,195,235,250,269,279,271,264,212,200,135,132,130,85,64,51,45,44,29,40,24,14,10,19,11,11,10,3,12,3,1,3,2,2,0,0,0,0,2],