{"test_group_3_loss":0.3831401765346527,"_wandb":{"runtime":1358},"test_group_2_acc":0.8897777795791626,"test_group_2_loss":0.39941003918647766,"analysis/grad_basis_train/norm_A":0.01283279899507761,"gradients/classifier.weight":{"values":[1,1,3,1,1,0,1,2,0,1,1,2,0,1,3,3,12,9,10,4,10,7,10,10,13,18,22,22,26,20,35,31,33,35,34,46,24,38,55,46,61,45,66,77,90,76,73,99,109,132,148,164,150,165,153,201,198,210,189,204,216,195,246,238],"bins":[-0.0006183658842928708,-0.000608706206548959,-0.0005990465288050473,-0.0005893868510611355,-0.0005797271151095629,-0.0005700674373656511,-0.0005604077596217394,-0.0005507480818778276,-0.0005410884041339159,-0.0005314287263900042,-0.0005217690486460924,-0.0005121093709021807,-0.0005024496931582689,-0.0004927899572066963,-0.00048313027946278453,-0.0004734706017188728,-0.00046381092397496104,-0.0004541512462310493,-0.00044449156848713756,-0.00043483186163939536,-0.0004251721838954836,-0.00041551250615157187,-0.00040585279930382967,-0.0003961931215599179,-0.0003865334438160062,-0.00037687376607209444,-0.0003672140883281827,-0.0003575543814804405,-0.00034789470373652875,-0.000338235025992617,-0.0003285753191448748,-0.00031891564140096307,-0.0003092559636570513,-0.0002995962859131396,-0.0002899365790653974,-0.00028027690132148564,-0.0002706172235775739,-0.00026095754583366215,-0.00025129783898591995,-0.0002416381612420082,-0.00023197848349809647,-0.0002223187912022695,-0.00021265911345835775,-0.00020299942116253078,-0.00019333974341861904,-0.00018368005112279207,-0.00017402037337888032,-0.00016436068108305335,-0.0001547010033391416,-0.00014504131104331464,-0.0001353816332994029,-0.00012572194100357592,-0.00011606225598370656,-0.0001064025709638372,-9.674288594396785e-05,-8.708320092409849e-05,-7.742351590422913e-05,-6.776383088435978e-05,-5.810414950246923e-05,-4.844446448259987e-05,-3.878477946273051e-05,-2.9125094442861155e-05,-1.9465409422991797e-05,-9.80572440312244e-06,-1.4603909903598833e-07],"_type":"histogram"},"train_worst_acc":0.8452000021934509,"analysis/grad_basis_train/cosine_A_AY":-0.0010140605736523867,"analysis/grad_basis_train/norm_C":0.45301470160484314,"analysis/grad_basis_train/norm_inv":0.019977914169430733,"train_avg_loss":0.4357858896255493,"test_worst_acc":0.8408889174461365,"train_group_1_loss":0.4682028293609619,"train_group_2_loss":0.4137645363807678,"train_group_1_acc":0.8452000021934509,"train_group_0_loss":0.45947885513305664,"analysis/grad_basis_train/norm_AY":0.2467499077320099,"train_worst_loss":0.4682028293609619,"test_group_0_acc":0.8457777500152588,"test_group_0_loss":0.46140119433403015,"test_avg_acc":0.8679999709129333,"_runtime":1358.07190947,"analysis/prop1_terms_train/g1_(1, -1)_g2_(1, 1)_term3":0.09741277992725372,"analysis/grad_basis_train/cosine_inv_C":-0.0035357645247131586,"train_group_2_acc":0.8784000277519226,"test_group_3_acc":0.8955555558204651,"test_group_1_loss":0.45696914196014404,"test_worst_loss":0.46140119433403015,"parameters/classifier.weight":{"bins":[-18.4423828125,-17.946231842041016,-17.45008087158203,-16.953929901123047,-16.457778930664062,-15.961627960205078,-15.465476036071777,-14.969325065612793,-14.473174095153809,-13.977023124694824,-13.48087215423584,-12.984721183776855,-12.488570213317871,-11.992419242858887,-11.496268272399902,-11.000117301940918,-10.503965377807617,-10.007814407348633,-9.511663436889648,-9.015512466430664,-8.51936149597168,-8.023210525512695,-7.527059555053711,-7.030908584594727,-6.534757614135742,-6.0386061668396,-5.542455196380615,-5.046304225921631,-4.5501532554626465,-4.054002285003662,-3.5578510761260986,-3.061699867248535,-2.565548896789551,-2.0693979263305664,-1.573246717453003,-1.0770957469940186,-0.5809446573257446,-0.08479359745979309,0.41135746240615845,0.9075084924697876,1.4036595821380615,1.8998106718063354,2.3959617614746094,2.8921127319335938,3.388263702392578,3.8844149112701416,4.380566120147705,4.8767170906066895,5.372868061065674,5.869019031524658,6.365170001983643,6.861321449279785,7.3574724197387695,7.853623390197754,8.349774360656738,8.845925331115723,9.342076301574707,9.838227272033691,10.334378242492676,10.830530166625977,11.326681137084961,11.822832107543945,12.31898307800293,12.815134048461914,13.311285018920898],"_type":"histogram","values":[1,0,0,0,0,0,0,1,0,0,2,1,2,0,4,2,5,3,15,11,13,25,28,24,41,40,56,67,78,118,147,166,173,209,237,304,331,345,331,226,230,170,130,116,111,48,68,40,41,21,21,26,17,14,12,6,3,6,2,3,1,2,0,2]},"analysis/grad_basis_train/cosine_inv_AY":-0.0024120258167386055,"_timestamp":1.7616448204798877e+09,"parameters/layers.0.weight":{"values":[3,8,7,20,29,91,144,287,543,957,1765,3077,5273,8539,13458,21075,31532,46545,66752,93451,126696,167604,217095,270607,330154,392696,453658,511566,558768,598762,621092,628756,619144,594648,553662,504157,446403,383743,323176,263971,209145,162033,122351,89097,64649,44556,30030,19878,12874,8061,4799,2846,1617,954,420,294,154,63,27,20,7,1,1,1],"bins":[-5.15676212310791,-4.9926371574401855,-4.828512191772461,-4.664387226104736,-4.500262260437012,-4.336137294769287,-4.1720123291015625,-4.007887363433838,-3.843762159347534,-3.6796371936798096,-3.515512228012085,-3.3513872623443604,-3.1872620582580566,-3.023137092590332,-2.8590121269226074,-2.694887161254883,-2.530762195587158,-2.3666372299194336,-2.202512264251709,-2.0383872985839844,-1.8742622137069702,-1.7101372480392456,-1.5460121631622314,-1.3818871974945068,-1.2177622318267822,-1.0536372661590576,-0.8895122408866882,-0.7253872156143188,-0.5612622499465942,-0.39713725447654724,-0.23301225900650024,-0.06888726353645325,0.09523725509643555,0.25936225056648254,0.42348724603652954,0.5876122713088989,0.7517372369766235,0.9158622026443481,1.0799872875213623,1.244112253189087,1.4082372188568115,1.5723621845245361,1.7364871501922607,1.900612235069275,2.064737319946289,2.2288622856140137,2.3929872512817383,2.557112216949463,2.7212371826171875,2.885362148284912,3.0494871139526367,3.2136120796203613,3.377737045288086,3.5418622493743896,3.7059872150421143,3.870112180709839,4.034236907958984,4.198362350463867,4.362487316131592,4.526612281799316,4.690737247467041,4.854862213134766,5.01898717880249,5.183112144470215,5.3472371101379395],"_type":"histogram"},"_step":849,"analysis/grad_basis_train/cosine_C_A":-0.005410401150584221,"analysis/grad_basis_train/cosine_inv_A":0.0006839108536951244,"epoch":425,"analysis/prop1_terms_train/g1_(1, -1)_g2_(1, 1)_term2":0,"analysis/prop1_terms_train/g1_(-1, 1)_g2_(-1, -1)_term1":-2.4128745280904695e-05,"analysis/prop1_terms_train/g1_(-1, 1)_g2_(-1, -1)_term2":0,"test_avg_loss":0.42523014545440674,"analysis/grad_basis_train/cosine_C_AY":0.02437424473464489,"train_group_3_acc":0.8821777701377869,"train_group_3_loss":0.4109378457069397,