{"test_group_1_loss":0.9245902895927429,"analysis/grad_basis_train/cosine_inv_A":-0.987747073173523,"test_group_2_loss":2.253608226776123,"test_avg_acc":0.2906666696071625,"train_worst_acc":8.888888987712562e-05,"train_group_1_loss":0.9310717582702637,"epoch":55,"train_group_3_loss":1.0019190311431885,"train_avg_acc":0.4445599913597107,"test_group_1_acc":0.19599999487400055,"_wandb":{"runtime":201},"_timestamp":1.7616471377621121e+09,"test_group_3_acc":0,"analysis/grad_basis_train/cosine_C_AY":-0.9893514513969421,"analysis/grad_basis_train/norm_C":1.8506479263305664,"analysis/grad_basis_train/cosine_A_AY":0.9540414214134216,"train_group_2_loss":2.271393060684204,"_runtime":201,"analysis/grad_basis_train/norm_A":1.4370661973953247,"train_group_0_acc":0.9667111039161682,"train_group_0_loss":0.3489615023136139,"train_group_3_acc":8.888888987712562e-05,"test_group_2_acc":0.0008888888987712562,"analysis/grad_basis_train/norm_AY":1.7238953113555908,"test_worst_acc":0,"analysis/grad_basis_train/norm_inv":1.3235901594161987,"train_worst_loss":2.271393060684204,"analysis/grad_basis_train/cosine_inv_AY":-0.9671900868415833,"analysis/prop1_terms_train/g1_(1, -1)_g2_(1, 1)_term2":0,"analysis/grad_basis_train/cosine_C_A":-0.9704829454421997,"gradients/layers.0.weight":{"bins":[-9.400193903275067e-07,-8.992108746497252e-07,-8.584023589719436e-07,-8.175937864507432e-07,-7.767852707729617e-07,-7.359767550951801e-07,-6.951682394173986e-07,-6.54359723739617e-07,-6.135511512184166e-07,-5.727426355406351e-07,-5.319341198628535e-07,-4.91125604185072e-07,-4.5031708850729046e-07,-4.095085444077995e-07,-3.6870002873001795e-07,-3.27891484630527e-07,-2.8708296895274543e-07,-2.462744532749639e-07,-2.0546590917547292e-07,-1.6465739349769137e-07,-1.2384886360905512e-07,-8.304033372041886e-08,-4.223181093720996e-08,-1.4232846012873779e-09,3.93852417346352e-08,8.019377162327146e-08,1.2100230151190772e-07,1.6181081718968926e-07,2.0261934707832552e-07,2.434278769669618e-07,2.842363926447433e-07,3.250449367442343e-07,3.6585345242201583e-07,4.066619680997974e-07,4.4747051219928835e-07,4.882790562987793e-07,5.290875719765609e-07,5.698960876543424e-07,6.10704603332124e-07,6.515131190099055e-07,6.923216915311059e-07,7.331302072088874e-07,7.73938722886669e-07,8.147472385644505e-07,8.555557542422321e-07,8.963642699200136e-07,9.37172842441214e-07,9.779813581189956e-07,1.0187898169533582e-06,1.0595983894745586e-06,1.100406961995759e-06,1.1412154208301217e-06,1.1820239933513221e-06,1.2228324521856848e-06,1.2636410247068852e-06,1.3044495972280856e-06,1.3452580560624483e-06,1.3860666285836487e-06,1.4268750874180114e-06,1.4676836599392118e-06,1.5084922324604122e-06,1.5493006912947749e-06,1.5901092638159753e-06,1.630917722650338e-06,1.6717262951715384e-06],"_type":"histogram","values":[1,1,1,0,0,2,3,4,4,9,15,10,12,4,5,4,9,13,11,71,68,62,96,9.632972e+06,63,42,40,29,35,35,35,21,13,12,2,5,3,6,1,5,3,3,3,5,3,4,3,2,7,2,2,3,5,3,3,3,4,1,1,0,3,1,1,3]},"test_avg_loss":1.131576418876648,"parameters/classifier.weight":{"values":[3964,21,12,14,12,8,7,13,6,4,2,5,4,0,0,5,2,3,2,0,1,2,0,1,1,0,1,0,1,0,1,2,0,0,0,0,0,0,0,0,0,1,0,0,0,0,0,0,0,0,0,0,0,0,0,0,0,0,0,0,0,0,0,1],"bins":[-116582.359375,4.457016e+06,9.030615e+06,1.3604213e+07,1.8177812e+07,2.275141e+07,2.7325008e+07,3.1898608e+07,3.6472204e+07,4.1045804e+07,4.5619404e+07,5.0193e+07,5.47666e+07,5.93402e+07,6.3913796e+07,6.8487392e+07,7.3060992e+07,7.7634592e+07,8.2208192e+07,8.6781792e+07,9.1355384e+07,9.5928984e+07,1.00502584e+08,1.05076184e+08,1.09649784e+08,1.14223384e+08,1.18796976e+08,1.23370576e+08,1.27944176e+08,1.32517776e+08,1.37091376e+08,1.41664976e+08,1.46238576e+08,1.50812176e+08,1.55385776e+08,1.59959376e+08,1.64532976e+08,1.69106576e+08,1.7368016e+08,1.7825376e+08,1.8282736e+08,1.8740096e+08,1.9197456e+08,1.9654816e+08,2.0112176e+08,2.0569536e+08,2.1026896e+08,2.1484256e+08,2.1941616e+08,2.23989744e+08,2.28563344e+08,2.33136944e+08,2.37710544e+08,2.42284144e+08,2.46857744e+08,2.51431344e+08,2.56004944e+08,2.60578544e+08,2.65152144e+08,2.69725728e+08,2.74299328e+08,2.78872928e+08,2.83446528e+08,2.88020128e+08,2.92593728e+08],"_type":"histogram"},"test_group_3_loss":1.0019707679748535,"gradients/classifier.weight":{"_type":"histogram","values":[1,0,0,0,0,0,0,0,0,0,0,0,0,0,0,0,0,0,0,0,0,0,0,0,0,0,0,0,0,0,0,0,0,0,0,0,0,0,0,0,0,0,0,0,0,0,0,0,0,0,0,0,0,0,0,0,0,0,1,0,0,0,0,4094],"bins":[-2.216224129369948e-05,-2.181595664296765e-05,-2.1469671992235817e-05,-2.112338552251458e-05,-2.077710087178275e-05,-2.0430816221050918e-05,-2.0084531570319086e-05,-1.9738246919587255e-05,-1.939196044986602e-05,-1.9045675799134187e-05,-1.8699391148402356e-05,-1.8353106497670524e-05,-1.8006821846938692e-05,-1.7660535377217457e-05,-1.7314250726485625e-05,-1.6967966075753793e-05,-1.662168142502196e-05,-1.627539677429013e-05,-1.5929110304568894e-05,-1.5582825653837062e-05,-1.523654100310523e-05,-1.4890255442878697e-05,-1.4543970792146865e-05,-1.4197686141415033e-05,-1.38514005811885e-05,-1.3505115930456668e-05,-1.3158830370230135e-05,-1.2812545719498303e-05,-1.2466261068766471e-05,-1.2119975508539937e-05,-1.1773690857808106e-05,-1.1427405297581572e-05,-1.108112064684974e-05,-1.0734835996117909e-05,-1.0388550435891375e-05,-1.0042265785159543e-05,-9.69598022493301e-06,-9.349695574201178e-06,-9.003410923469346e-06,-8.657125363242812e-06,-8.31084071251098e-06,-7.964555152284447e-06,-7.618270501552615e-06,-7.271985396073433e-06,-6.92570029059425e-06,-6.579415185115067e-06,-6.2331305343832355e-06,-5.886845428904053e-06,-5.54056032342487e-06,-5.1942752179456875e-06,-4.847990112466505e-06,-4.501705461734673e-06,-4.15542035625549e-06,-3.8091352507763077e-06,-3.462850145297125e-06,-3.1165652671916177e-06,-2.770280161712435e-06,-2.4239950562332524e-06,-2.077710178127745e-06,-1.7314250726485625e-06,-1.3851400808562175e-06,-1.0388550890638726e-06,-6.925700404281088e-07,-3.462850202140544e-07,0]},"analysis/prop1_terms_train/g1_(-1, 1)_g2_(-1, -1)_term1":-0.6561736464500427,"train_avg_loss":0.768019437789917,"test_group_0_loss":0.346136212348938,"test_worst_loss":2.253608226776123,"analysis/prop1_terms_train/g1_(1, -1)_g2_(1, 1)_term1":-8.171296119689941,"analysis/prop1_terms_train/g1_(1, -1)_g2_(1, 1)_term3":8.536498069763184,"analysis/prop1_terms_train/g1_(-1, 1)_g2_(-1, -1)_term2":0,"analysis/grad_basis_train/cosine_inv_C":0.9609590172767639,"analysis/prop1_terms_train/g1_(-1, 1)_g2_(-1, -1)_term3":0.9733099937438965,"_step":109,"parameters/layers.0.weight":{"values":[1,2,0,1,1,3,5,1,5,6,6,7,7,4,6,14,16,14,18,16,17,13,28,35,30,33,35,36,49,55,46,70,72,73,75,82,98,107,117,133,158,176,185,241,266,342,373,482,623,728,958,1161,1425,1840,2304,2860,3697,4869,6369,8478,12241,19308,34481,9.52889e+06],"bins":[-2.5781236e+07,-2.5378404e+07,-2.4975572e+07,-2.457274e+07,-2.4169908e+07,-2.3767076e+07,-2.3364244e+07,-2.2961412e+07,-2.255858e+07,-2.2155748e+07,-2.1752916e+07,-2.1350086e+07,-2.0947254e+07,-2.0544422e+07,-2.014159e+07,-1.9738758e+07,-1.9335926e+07,-1.8933094e+07,-1.8530262e+07,-1.812743e+07,-1.7724598e+07,-1.7321766e+07,-1.6918934e+07,-1.6516102e+07,-1.611327e+07,-1.5710438e+07,-1.5307606e+07,-1.4904775e+07,-1.4501943e+07,-1.4099111e+07,-1.3696279e+07,-1.3293447e+07,-1.2890614e+07,-1.2487782e+07,-1.208495e+07,-1.1682118e+07,-1.1279286e+07,-1.0876454e+07,-1.0473623e+07,-1.0070791e+07,-9.667959e+06,-9.265127e+06,-8.862295e+06,-8.459463e+06,-8.056631e+06,-7.653799e+06,-7.2509675e+06,-6.8481355e+06,-6.4453035e+06,-6.0424715e+06,-5.6396395e+06,-5.236808e+06,-4.833976e+06,-4.431144e+06,-4.028312e+06,-3.62548025e+06,-3.22264825e+06,-2.81981625e+06,-2.4169845e+06,-2.0141525e+06,-1.611320625e+06,-1.20848875e+06,-805656.8125,-402824.90625,6.989689350128174],"_type":"histogram"},"test_group_0_acc":0.9657777547836304,"train_group_2_acc":0.0007999999797903001,"train_group_1_acc":0.1891999989748001}