{"analysis/prop1_terms_test/g1_(-1, 1)_g2_(1, -1)_term1":0.013586333021521568,"analysis/prop1_terms_train/g1_(1, 1)_g2_(1, -1)_term2":0.005133786704391241,"analysis/prop1_terms_train/g1_(-1, -1)_g2_(1, 1)_term1":0.013182124122977257,"_runtime":686,"train_avg_loss":0.9189154505729675,"train_group_3_loss":1.174872636795044,"_step":2,"test_group_3_acc":0,"analysis/prop1_terms_test/g1_(-1, 1)_g2_(1, -1)_term3":0,"test_group_2_loss":1.1713175773620605,"train_group_1_acc":1,"analysis/prop1_terms_train/g1_(-1, 1)_g2_(1, -1)_term2":-0.19888445734977722,"train_worst_acc":0,"analysis/prop1_terms_train/g1_(-1, -1)_g2_(-1, 1)_term1":-0.00017473247135058045,"epoch":2,"train_group_2_acc":0,"analysis/prop1_terms_train/g1_(-1, -1)_g2_(1, 1)_term2":-0.2009350061416626,"analysis/prop1_terms_train/g1_(-1, -1)_g2_(-1, 1)_term2":0.0030216285958886147,"train_worst_loss":1.174872636795044,"train_group_2_loss":1.172716736793518,"analysis/prop1_terms_test/g1_(1, 1)_g2_(1, -1)_term2":0.00521160289645195,"test_group_0_acc":1,"analysis/prop1_terms_train/g1_(-1, 1)_g2_(1, -1)_term3":0.00553356297314167,"test_group_0_loss":0.8417264223098755,"analysis/prop1_terms_test/g1_(-1, -1)_g2_(-1, 1)_term3":0,"test_group_1_loss":0.8394876718521118,"_timestamp":1.7616319229853847e+09,"analysis/prop1_terms_test/g1_(-1, -1)_g2_(-1, 1)_term2":0.004289356525987387,"analysis/prop1_terms_test/g1_(-1, 1)_g2_(1, -1)_term2":-0.20894047617912292,"train_group_1_loss":0.8385043740272522,"analysis/prop1_terms_train/g1_(1, 1)_g2_(1, -1)_term3":-0.0021542422473430634,"analysis/prop1_terms_train/g1_(-1, 1)_g2_(1, -1)_term1":0.013403525575995445,"analysis/prop1_terms_test/g1_(-1, -1)_g2_(1, 1)_term2":-0.20986565947532654,"_wandb":{"runtime":686},"analysis/prop1_terms_train/g1_(1, 1)_g2_(1, -1)_term1":5.3675936214858666e-05,"train_group_0_loss":0.8417388200759888,"train_avg_acc":0.7678832411766052,"test_group_1_acc":1,"test_avg_loss":0.9142988920211792,"analysis/prop1_terms_test/g1_(-1, -1)_g2_(1, 1)_term1":0.013623632490634918,"train_group_0_acc":1,"analysis/prop1_terms_train/g1_(-1, -1)_g2_(1, 1)_term3":0.005877558141946793,"analysis/prop1_terms_test/g1_(1, 1)_g2_(1, -1)_term1":-0.00026536357472650707,"test_worst_acc":0,"analysis/prop1_terms_test/g1_(-1, -1)_g2_(-1, 1)_term1":-0.00022812903625890613,"analysis/prop1_terms_test/g1_(1, 1)_g2_(1, -1)_term3":0,"analysis/prop1_terms_train/g1_(-1, -1)_g2_(-1, 1)_term3":-0.0018203379586338997,"analysis/prop1_terms_test/g1_(-1, -1)_g2_(1, 1)_term3":0,"test_group_3_loss":1.1749603748321533,"test_worst_loss":1.1749603748321533,"test_group_2_acc":0,"train_group_3_acc":0,"test_avg_acc":0.778391420841217}