{"_step":632,"test_avg_acc":0.8500000238418579,"group_q_weight/q_g(-1.0, -1.0)":0.2596622109413147,"group_q_weight/q_g(1.0, -1.0)":0.24123220145702362,"analysis/grad_basis_train/norm_A":0.016623910516500473,"analysis/prop1_terms_train/g1_(-1, 1)_g2_(-1, -1)_term1":0.00022324890596792102,"train_group_3_loss":0.46878233551979065,"analysis/prop1_terms_train/g1_(1, -1)_g2_(1, 1)_term1":0.00023284459894057363,"analysis/grad_basis_train/norm_C":0.47165238857269287,"train_group_0_loss":0.4778459072113037,"train_worst_acc":0.8327999711036682,"test_avg_loss":0.4626201093196869,"parameters/classifier.weight":{"bins":[-12.804898262023926,-12.401908874511719,-11.998918533325195,-11.595929145812988,-11.192939758300781,-10.789950370788574,-10.38696002960205,-9.983970642089844,-9.580981254577637,-9.177990913391113,-8.775001525878906,-8.3720121383667,-7.969022274017334,-7.566032886505127,-7.163043022155762,-6.760053634643555,-6.3570637702941895,-5.954073905944824,-5.551084518432617,-5.148094654083252,-4.745105266571045,-4.34211540222168,-3.9391257762908936,-3.5361361503601074,-3.1331465244293213,-2.730156898498535,-2.327167272567749,-1.9241775274276733,-1.5211879014968872,-1.118198275566101,-0.7152085900306702,-0.31221893429756165,0.09077072143554688,0.4937603771686554,0.8967500329017639,1.2997397184371948,1.702729344367981,2.1057190895080566,2.5087087154388428,2.911698341369629,3.314687967300415,3.717677593231201,4.120667457580566,4.523656845092773,4.926646709442139,5.329636096954346,5.732625961303711,6.135615348815918,6.538605213165283,6.941595077514648,7.3445844650268555,7.747574329376221,8.150564193725586,8.553553581237793,8.95654296875,9.359532356262207,9.76252269744873,10.165512084960938,10.568501472473145,10.971491813659668,11.374481201171875,11.777470588684082,12.180459976196289,12.583450317382812,12.98643970489502],"_type":"histogram","values":[2,3,0,1,0,0,2,5,5,6,6,12,8,8,16,19,29,34,47,53,58,73,91,87,111,134,164,206,231,265,267,301,268,285,257,187,152,136,95,82,85,54,47,41,34,15,27,15,15,10,8,5,4,14,2,5,1,1,2,3,0,1,0,1]},"analysis/prop1_terms_train/g1_(-1, 1)_g2_(-1, -1)_term2":0,"test_group_1_loss":0.4896157681941986,"gradients/classifier.weight":{"_type":"histogram","values":[1,0,0,0,0,1,1,0,0,0,3,2,3,0,6,3,7,6,1,3,9,14,10,17,15,10,14,13,27,26,25,22,26,41,26,35,54,44,52,58,76,55,68,83,75,87,100,93,129,129,128,146,140,150,177,161,187,185,213,191,230,227,223,268],"bins":[-0.0007264569285325706,-0.0007151083555072546,-0.0007037597824819386,-0.0006924112094566226,-0.0006810626364313066,-0.0006697140634059906,-0.0006583654903806746,-0.0006470169173553586,-0.0006356683443300426,-0.0006243197713047266,-0.0006129711982794106,-0.0006016226252540946,-0.0005902740522287786,-0.0005789254792034626,-0.0005675769061781466,-0.0005562283331528306,-0.0005448797019198537,-0.0005335311288945377,-0.0005221825558692217,-0.0005108339828439057,-0.0004994854098185897,-0.00048813686589710414,-0.00047678829287178814,-0.00046543971984647214,-0.0004540911177173257,-0.0004427425446920097,-0.0004313939716666937,-0.0004200453986413777,-0.0004086968256160617,-0.0003973482525907457,-0.0003859996795654297,-0.0003746511065401137,-0.0003633025335147977,-0.0003519539604894817,-0.0003406053874641657,-0.0003292568144388497,-0.0003179082414135337,-0.0003065596683882177,-0.0002952110953629017,-0.0002838625223375857,-0.0002725139493122697,-0.0002611653762869537,-0.0002498168032616377,-0.00023846821568440646,-0.00022711964265909046,-0.00021577106963377446,-0.00020442249660845846,-0.00019307392358314246,-0.00018172535055782646,-0.00017037677753251046,-0.00015902818995527923,-0.00014767961692996323,-0.00013633104390464723,-0.00012498247087933123,-0.00011363389785401523,-0.00010228532482869923,-9.093674452742562e-05,-7.958817150210962e-05,-6.823959847679362e-05,-5.689102181349881e-05,-4.554244878818281e-05,-3.4193872124888e-05,-2.28452972805826e-05,-1.1496723345771898e-05,-1.481480893517073e-07]},"train_group_3_acc":0.8577333092689514,"test_worst_acc":0.8253333568572998,"test_group_3_loss":0.4531351923942566,"test_group_1_acc":0.8253333568572998,"analysis/grad_basis_train/cosine_inv_C":0.6469077467918396,"epoch":317,"_timestamp":1.7616468627722383e+09,"analysis/grad_basis_train/norm_AY":0.252309113740921,"_runtime":911,"analysis/grad_basis_train/cosine_C_AY":0.004027193412184715,"analysis/prop1_terms_train/g1_(1, -1)_g2_(1, 1)_term2":0,"train_worst_loss":0.4849613308906555,"parameters/layers.0.weight":{"bins":[-5.073946475982666,-4.911005020141602,-4.748063564300537,-4.585122108459473,-4.422180652618408,-4.259239196777344,-4.096297740936279,-3.933356523513794,-3.7704150676727295,-3.607473611831665,-3.4445321559906006,-3.281590700149536,-3.118649482727051,-2.9557080268859863,-2.792766571044922,-2.6298251152038574,-2.466883659362793,-2.3039422035217285,-2.141000747680664,-1.9780594110488892,-1.8151179552078247,-1.6521764993667603,-1.4892351627349854,-1.326293706893921,-1.1633522510528564,-1.000410795211792,-0.8374693989753723,-0.6745280027389526,-0.5115865468978882,-0.3486451208591461,-0.18570369482040405,-0.022762268781661987,0.14017915725708008,0.30312058329582214,0.4660620093345642,0.6290034055709839,0.7919448614120483,0.9548863172531128,1.1178276538848877,1.2807691097259521,1.4437105655670166,1.606652021408081,1.7695934772491455,1.9325348138809204,2.0954761505126953,2.2584176063537598,2.421359062194824,2.5843005180358887,2.747241973876953,2.9101834297180176,3.073124885559082,3.2360663414001465,3.399007797241211,3.5619490146636963,3.7248904705047607,3.887831926345825,4.050773620605469,4.213714599609375,4.3766560554504395,4.539597511291504,4.702538967132568,4.865480422973633,5.028421878814697,5.191363334655762,5.354304790496826],"_type":"histogram","values":[5,4,21,23,55,99,209,372,699,1308,2225,3842,6259,10300,16020,24580,36256,52831,75097,103802,138920,181573,231830,286932,347409,409138,468277,522153,568623,602726,621269,624571,608609,580501,539442,487613,429150,367632,307524,249651,198042,152258,114667,83924,59848,41551,27878,18278,11851,7372,4506,2640,1523,899,484,272,120,58,35,21,8,4,2,1]},"train_group_0_acc":0.8365777730941772,"train_group_2_acc":0.8611999750137329,"train_group_1_acc":0.8327999711036682,"_wandb":{"runtime":911},"analysis/prop1_terms_train/g1_(1, -1)_g2_(1, 1)_term3":0.10574990510940552,"train_avg_loss":0.4733777344226837,"analysis/grad_basis_train/cosine_inv_A":0.0051703080534935,"analysis/grad_basis_train/cosine_inv_AY":0.016193194314837456,"analysis/prop1_terms_train/g1_(-1, 1)_g2_(-1, -1)_term3":0.09796817600727081,"test_group_2_loss":0.43260499835014343,"analysis/grad_basis_train/cosine_A_AY":0.5799266695976257,"analysis/grad_basis_train/norm_inv":0.027907676994800568,"analysis/grad_basis_train/cosine_C_A":0.03806658461689949,"train_avg_acc":0.8471400141716003,"train_group_2_loss":0.46293848752975464,"group_q_weight/q_g(-1.0, 1.0)":0.2595515847206116,"test_worst_loss":0.4896157681941986,"train_group_1_loss":0.4849613308906555,"test_group_2_acc":0.8782222270965576,"test_group_3_acc":0.8613333106040955,