{"_timestamp":1.761635575635295e+09,"train_group_2_loss":2.5138139724731445,"analysis/grad_basis_train/cosine_A_AY":0.07712550461292267,"train_group_1_acc":0.00039999998989515007,"test_group_3_loss":0.05807363614439964,"analysis/grad_basis_train/cosine_inv_C":0.07602789252996445,"test_worst_loss":2.515824794769287,"test_group_0_acc":1,"analysis/prop1_terms_train/g1_(-1, 1)_g2_(-1, -1)_term2":0,"train_group_1_loss":2.3657355308532715,"test_worst_acc":0,"test_group_2_acc":0,"train_worst_loss":2.5138139724731445,"analysis/grad_basis_train/norm_AY":0.3447679579257965,"test_group_0_loss":0.061084993183612823,"test_group_1_loss":2.3874285221099854,"train_avg_loss":0.3013369143009186,"test_group_1_acc":0,"analysis/grad_basis_train/norm_inv":0.2805072069168091,"analysis/prop1_terms_train/g1_(1, -1)_g2_(1, 1)_term3":0.21045222878456116,"analysis/grad_basis_train/cosine_C_AY":-0.07684682309627533,"analysis/prop1_terms_train/g1_(-1, 1)_g2_(-1, -1)_term1":-0.17276154458522797,"gradients/layers.0.weight":{"bins":[-3.5921162634622306e-05,-3.48969224432949e-05,-3.387268225196749e-05,-3.284844206064008e-05,-3.1824201869312674e-05,-3.0799961677985266e-05,-2.9775721486657858e-05,-2.875148129533045e-05,-2.7727241104003042e-05,-2.6703000912675634e-05,-2.5678760721348226e-05,-2.4654520530020818e-05,-2.363028033869341e-05,-2.2606040147366002e-05,-2.1581799956038594e-05,-2.0557559764711186e-05,-1.953331957338378e-05,-1.850907938205637e-05,-1.7484839190728962e-05,-1.6460598999401554e-05,-1.5436358808074147e-05,-1.4412118616746739e-05,-1.338787842541933e-05,-1.2363638234091923e-05,-1.1339398042764515e-05,-1.0315157851437107e-05,-9.290917660109699e-06,-8.26667746878229e-06,-7.242437277454883e-06,-6.218197086127475e-06,-5.193956894800067e-06,-4.169716703472659e-06,-3.145476512145251e-06,-2.121236320817843e-06,-1.0969961294904351e-06,-7.275593816302717e-08,9.514842531643808e-07,1.9757244444917887e-06,2.9999646358191967e-06,4.024204827146605e-06,5.048445018474013e-06,6.0726852098014206e-06,7.0969254011288285e-06,8.121165592456236e-06,9.145405783783644e-06,1.0169645975111052e-05,1.119388616643846e-05,1.2218126357765868e-05,1.3242366549093276e-05,1.4266606740420684e-05,1.5290846931748092e-05,1.63150871230755e-05,1.7339327314402908e-05,1.8363567505730316e-05,1.9387807697057724e-05,2.0412047888385132e-05,2.143628807971254e-05,2.2460528271039948e-05,2.3484768462367356e-05,2.4509008653694764e-05,2.5533248845022172e-05,2.655748903634958e-05,2.7581729227676988e-05,2.8605969419004396e-05,2.9630209610331804e-05],"_type":"histogram","values":[3,1,8,9,15,21,40,52,86,114,156,216,291,384,495,711,840,1133,1578,2096,2714,3801,4855,6214,7618,9439,11375,14387,18821,26846,40630,69401,129884,286821,1.382746e+06,7.081923e+06,285648,106572,51883,27456,17311,11546,7875,5363,4044,2935,2116,1558,1180,824,519,381,277,174,124,88,62,49,27,23,10,10,8,5]},"gradients/classifier.weight":{"bins":[-0.00034958423930220306,-0.0003441246517468244,-0.0003386650641914457,-0.0003332055057398975,-0.0003277459181845188,-0.00032228633062914014,-0.00031682674307376146,-0.0003113671555183828,-0.00030590759706683457,-0.0003004480095114559,-0.0002949884219560772,-0.00028952883440069854,-0.00028406924684531987,-0.00027860968839377165,-0.000273150100838393,-0.0002676905132830143,-0.0002622309257276356,-0.00025677133817225695,-0.00025131177972070873,-0.00024585219216533005,-0.00024039260460995138,-0.00023493303160648793,-0.00022947344405110925,-0.00022401385649573058,-0.00021855428349226713,-0.00021309469593688846,-0.000207635122933425,-0.00020217553537804633,-0.00019671594782266766,-0.0001912563748192042,-0.00018579678726382554,-0.0001803372142603621,-0.00017487764125689864,-0.00016941805370151997,-0.00016395848069805652,-0.00015849889314267784,-0.00015303930558729917,-0.00014757973258383572,-0.00014212014502845705,-0.0001366605720249936,-0.00013120098446961492,-0.00012574139691423625,-0.0001202818239107728,-0.00011482223635539412,-0.00010936265607597306,-0.000103903075796552,-9.844349551713094e-05,-9.298391523770988e-05,-8.752433495828882e-05,-8.206474740291014e-05,-7.660516712348908e-05,-7.114558684406802e-05,-6.568600656464696e-05,-6.022642264724709e-05,-5.476684236782603e-05,-4.930725845042616e-05,-4.38476781710051e-05,-3.838809789158404e-05,-3.292851397418417e-05,-2.746893369476311e-05,-2.2009351596352644e-05,-1.654976949794218e-05,-1.1090188309026416e-05,-5.6306066653633025e-06,-1.710251922304451e-07],"_type":"histogram","values":[1,0,0,0,0,1,0,0,1,0,1,1,1,1,2,1,2,4,6,6,1,5,1,4,6,8,3,7,5,13,15,14,12,12,15,21,18,23,15,19,23,19,36,36,38,40,56,46,67,74,75,79,95,118,162,172,213,240,288,348,398,449,453,326]},"analysis/grad_basis_train/norm_A":0.4758521318435669,"analysis/prop1_terms_train/g1_(1, -1)_g2_(1, 1)_term1":-0.21355542540550232,"train_worst_acc":0,"train_group_0_loss":0.0635598674416542,"train_group_3_loss":0.06390558928251266,"analysis/grad_basis_train/cosine_inv_A":-0.07640864700078964,"test_group_3_acc":1,"test_group_2_loss":2.515824794769287,"train_group_0_acc":1,"train_avg_acc":0.9000200033187866,"test_avg_acc":0.5,"train_group_2_acc":0,"parameters/layers.0.weight":{"_type":"histogram","values":[2,0,2,5,9,29,50,88,172,313,626,1107,1934,3267,5601,9152,14333,22078,32896,48617,69268,95869,129539,170410,218127,273206,330660,391802,452908,507693,556052,591267,614832,622438,613187,590071,551445,501736,444321,385216,323327,264930,211402,165036,124864,92628,66561,46782,31756,21269,13639,8506,5322,3257,1924,1011,605,322,156,79,56,19,11,2],"bins":[-5.421910762786865,-5.259649753570557,-5.097389221191406,-4.935128211975098,-4.772867202758789,-4.610606670379639,-4.44834566116333,-4.28608512878418,-4.123824119567871,-3.9615633487701416,-3.799302577972412,-3.6370415687561035,-3.474780797958374,-3.3125200271606445,-3.150259017944336,-2.9879982471466064,-2.825737476348877,-2.6634767055511475,-2.501215934753418,-2.3389549255371094,-2.17669415473938,-2.0144333839416504,-1.8521724939346313,-1.6899116039276123,-1.5276508331298828,-1.3653900623321533,-1.2031291723251343,-1.0408682823181152,-0.8786075115203857,-0.7163466811180115,-0.5540858507156372,-0.39182502031326294,-0.22956418991088867,-0.0673033595085144,0.09495747089385986,0.25721830129623413,0.4194791316986084,0.5817399621009827,0.7440007925033569,0.9062616229057312,1.0685224533081055,1.230783224105835,1.393044114112854,1.555305004119873,1.7175657749176025,1.879826545715332,2.0420875549316406,2.20434832572937,2.3666090965270996,2.528869867324829,2.6911306381225586,2.853391647338867,3.0156524181365967,3.177913188934326,3.3401741981506348,3.5024349689483643,3.6646957397460938,3.8269565105438232,3.9892172813415527,4.151478290557861,4.313738822937012,4.47599983215332,4.638260841369629,4.800521373748779,4.962782382965088]},"analysis/prop1_terms_train/g1_(-1, 1)_g2_(-1, -1)_term3":0.1699645221233368,"analysis/grad_basis_train/norm_C":0.5857783555984497,"_step":279,"_wandb":{"runtime":566},"analysis/grad_basis_train/cosine_inv_AY":-0.9985232353210449,"parameters/classifier.weight":{"values":[1,1,0,1,0,0,2,2,1,5,5,6,8,8,15,18,13,22,27,38,33,54,71,74,112,132,137,171,173,207,256,266,274,251,250,238,201,177,148,119,116,82,67,59,45,35,35,29,26,24,12,13,4,4,9,5,4,1,3,1,1,1,2,1],