{"analysis/prop1_terms_test/g1_(-1, 1)_g2_(1, -1)_term2":-0.03413119539618492,"train_worst_acc":0,"analysis/prop1_terms_train/g1_(-1, -1)_g2_(1, 1)_term3":-0.0035594908986240625,"train_group_1_acc":0,"analysis/prop1_terms_train/g1_(-1, -1)_g2_(1, 1)_term1":0.004572347737848759,"test_worst_acc":0,"analysis/prop1_terms_test/g1_(-1, -1)_g2_(1, 1)_term3":3.582564750104211e-05,"analysis/prop1_terms_test/g1_(-1, 1)_g2_(1, -1)_term1":0.06849374622106552,"train_group_0_loss":0.05941084399819374,"train_group_2_loss":2.6634087562561035,"_timestamp":1.7616333910234764e+09,"train_group_2_acc":0,"analysis/prop1_terms_test/g1_(1, 1)_g2_(1, -1)_term3":0.0016353221144527197,"train_group_3_loss":0.06538906693458557,"analysis/prop1_terms_train/g1_(-1, -1)_g2_(1, 1)_term2":-0.0010233699576929212,"analysis/prop1_terms_train/g1_(1, 1)_g2_(1, -1)_term2":-0.004646393936127424,"test_group_2_loss":2.6714987754821777,"analysis/prop1_terms_train/g1_(-1, 1)_g2_(1, -1)_term2":-0.009670440107584,"epoch":104,"test_group_1_loss":2.4740543365478516,"_runtime":699,"train_avg_loss":0.31525033712387085,"train_group_1_loss":2.4746851921081543,"analysis/prop1_terms_test/g1_(1, 1)_g2_(1, -1)_term2":-0.016543902456760406,"analysis/prop1_terms_test/g1_(-1, -1)_g2_(-1, 1)_term2":0.014257624745368958,"test_avg_loss":1.3209819793701172,"test_group_0_acc":1,"analysis/prop1_terms_test/g1_(-1, -1)_g2_(1, 1)_term2":-0.003330364590510726,"gradients/layers.0.weight":{"_type":"histogram","values":[2,1,3,3,11,20,30,39,68,94,159,187,301,354,460,594,756,1013,1291,1711,2118,2721,3553,4632,6273,8064,10049,11984,14618,19776,29246,45798,77113,153276,358534,7.35241e+06,1.12959e+06,210350,77672,40026,23694,15304,9718,6379,4148,2992,2049,1434,972,660,454,351,233,167,112,74,61,44,23,12,4,3,3,1],"bins":[-3.611263673519716e-05,-3.51051457982976e-05,-3.409765486139804e-05,-3.309016756247729e-05,-3.208267662557773e-05,-3.1075185688678175e-05,-3.006769657076802e-05,-2.9060207452857867e-05,-2.805271651595831e-05,-2.704522557905875e-05,-2.6037736461148597e-05,-2.5030247343238443e-05,-2.4022756406338885e-05,-2.3015265469439328e-05,-2.2007776351529174e-05,-2.100028723361902e-05,-1.999279629671946e-05,-1.8985305359819904e-05,-1.797781624190975e-05,-1.6970327123999596e-05,-1.5962836187100038e-05,-1.4955346159695182e-05,-1.3947856132290326e-05,-1.294036610488547e-05,-1.1932876077480614e-05,-1.0925386050075758e-05,-9.917896022670902e-06,-8.910405995266046e-06,-7.90291596786119e-06,-6.8954259404563345e-06,-5.8879359130514786e-06,-4.880445885646623e-06,-3.872959496220574e-06,-2.865469468815718e-06,-1.857979441410862e-06,-8.50489414006006e-07,1.5700061339884996e-07,1.164490640803706e-06,2.171980668208562e-06,3.1794706956134178e-06,4.186960723018274e-06,5.19445075042313e-06,6.201940777827986e-06,7.2094308052328415e-06,8.216920832637697e-06,9.224410860042553e-06,1.023190088744741e-05,1.1239390914852265e-05,1.2246880942257121e-05,1.3254370969661977e-05,1.4261860997066833e-05,1.5269350114976987e-05,1.6276841051876545e-05,1.7284331988776103e-05,1.8291821106686257e-05,1.929931022459641e-05,2.030680116149597e-05,2.1314292098395526e-05,2.232178121630568e-05,2.3329270334215835e-05,2.4336761271115392e-05,2.534425220801495e-05,2.6351741325925104e-05,2.735923044383526e-05,2.8366721380734816e-05]},"analysis/prop1_terms_train/g1_(1, 1)_g2_(1, -1)_term3":-0.22388774156570435,"gradients/classifier.weight":{"bins":[-0.00040069461101666093,-0.000394434726331383,-0.0003881748125422746,-0.00038191492785699666,-0.0003756550431717187,-0.0003693951293826103,-0.0003631352446973324,-0.00035687536001205444,-0.00035061544622294605,-0.0003443555615376681,-0.00033809567685239017,-0.0003318357630632818,-0.00032557587837800384,-0.0003193159936927259,-0.0003130560799036175,-0.00030679619521833956,-0.0003005363105330616,-0.00029427639674395323,-0.0002880165120586753,-0.00028175662737339735,-0.00027549671358428895,-0.000269236828899011,-0.0002629769442137331,-0.0002567170304246247,-0.00025045714573934674,-0.0002441972610540688,-0.00023793736181687564,-0.00023167746257968247,-0.00022541757789440453,-0.00021915767865721136,-0.0002128977794200182,-0.00020663789473474026,-0.00020037798094563186,-0.00019411809626035392,-0.00018785819702316076,-0.0001815982977859676,-0.00017533841310068965,-0.00016907851386349648,-0.00016281861462630332,-0.00015655872994102538,-0.0001502988307038322,-0.00014403893146663904,-0.0001377790467813611,-0.00013151914754416794,-0.00012525924830697477,-0.00011899936362169683,-0.00011273946438450366,-0.00010647957242326811,-0.00010021968046203256,-9.395978122483939e-05,-8.769988926360384e-05,-8.143999730236828e-05,-7.518009806517512e-05,-6.892020610393956e-05,-6.266031414270401e-05,-5.640041854348965e-05,-5.014052294427529e-05,-4.388063098303974e-05,-3.762073538382538e-05,-3.1360839784611017e-05,-2.5100947823375463e-05,-1.8841052224161103e-05,-1.2581158443936147e-05,-6.321264208963839e-06,-6.137003083495074e-08],"_type":"histogram","values":[1,0,0,0,0,0,0,0,0,0,1,0,0,0,0,3,1,2,2,2,2,0,2,4,0,5,2,6,8,5,4,11,5,13,8,14,16,15,17,23,19,22,31,46,29,38,37,42,50,55,55,74,87,96,118,164,183,219,278,352,455,522,488,464]},"analysis/prop1_terms_test/g1_(-1, -1)_g2_(-1, 1)_term1":0.17848819494247437,"parameters/layers.0.weight":{"values":[1,2,1,2,5,17,36,74,135,286,519,959,1683,2897,5020,8400,13443,20840,31938,46864,67732,93974,128482,169455,217769,273023,333375,395158,458226,515388,563975,601187,624615,632191,620210,593715,553152,501761,443420,380733,319043,260312,206173,158299,119232,87670,61594,42763,28755,18988,12094,7554,4502,2733,1534,887,491,260,133,51,33,19,6,3],"bins":[-5.49111795425415,-5.32652473449707,-5.161931037902832,-4.997337818145752,-4.832744598388672,-4.668150901794434,-4.5035576820373535,-4.338964462280273,-4.174370765686035,-4.009777545928955,-3.845184326171875,-3.680590867996216,-3.5159974098205566,-3.3514041900634766,-3.1868107318878174,-3.0222175121307373,-2.857624053955078,-2.693030595779419,-2.528437376022339,-2.3638439178466797,-2.1992506980895996,-2.0346572399139404,-1.8700637817382812,-1.7054704427719116,-1.540877103805542,-1.3762837648391724,-1.2116904258728027,-1.0470969676971436,-0.8825036287307739,-0.7179102897644043,-0.5533168911933899,-0.3887235224246979,-0.22413015365600586,-0.05953678488731384,0.10505658388137817,0.2696499526500702,0.4342433214187622,0.5988366603851318,0.7634300589561462,0.9280234575271606,1.0926167964935303,1.2572101354599,1.4218034744262695,1.5863969326019287,1.7509902715682983,1.915583610534668,2.080177068710327,2.2447702884674072,2.4093637466430664,2.5739572048187256,2.7385504245758057,2.903143882751465,3.067737102508545,3.232330560684204,3.3969240188598633,3.5615172386169434,3.7261106967926025,3.8907041549682617,4.055297374725342,4.219890594482422,4.38448429107666,4.54907751083374,4.71367073059082,4.878264427185059,5.042857646942139],"_type":"histogram"},"test_avg_acc":0.49720001220703125,"_wandb":{"runtime":699},"train_group_3_acc":1,"test_group_0_loss":0.057702209800481796,"analysis/prop1_terms_test/g1_(-1, -1)_g2_(-1, 1)_term3":0.00123247888404876,